ISO-10303-21;
HEADER;
/* Generated by software containing ST-Developer
 * from STEP Tools, Inc. (www.steptools.com) 
 */
/* OPTION: using custom renumber hook */

FILE_DESCRIPTION(
/* description */ ('STEP AP242 Edition 2',
'CAx-IF Rec.Pracs.---Representation and Presentation of Product Manufa
cturing Information (PMI)---4.0---2014-10-13',
'CAx-IF Rec.Pracs.---3D Tessellated Geometry---0.4---2014-09-14','2;1',
'CAx-IF Rec.Pracs.---User Defined Attributes---1.5---2016-08-15'),
/* implementation_level */ '2;1');

FILE_NAME(
/* name */ 'enclosure - body',
/* time_stamp */ '2026-09-24T08:37:37Z',
/* author */ (''),
/* organization */ (''),
/* preprocessor_version */ 'ST-DEVELOPER v20',
/* originating_system */ 'ONSHAPE BY PTC INC, 1.221',
/* authorisation */ '  ');

FILE_SCHEMA (('AP242_MANAGED_MODEL_BASED_3D_ENGINEERING_MIM_LF { 1 0 10303 442 3 1 4 }'));
ENDSEC;

DATA;
#10=SHAPE_REPRESENTATION_RELATIONSHIP('','',#2770,#11);
#11=ADVANCED_BREP_SHAPE_REPRESENTATION('',(#2768),#4354);
#12=SPHERICAL_SURFACE('',#2789,0.0015);
#13=SPHERICAL_SURFACE('',#2794,0.0015);
#14=SPHERICAL_SURFACE('',#2799,0.0015);
#15=SPHERICAL_SURFACE('',#2804,0.0015);
#16=CIRCLE('',#2778,0.0015);
#17=CIRCLE('',#2779,0.0015);
#18=CIRCLE('',#2780,0.0015);
#19=CIRCLE('',#2781,0.0015);
#20=CIRCLE('',#2783,0.0015);
#21=CIRCLE('',#2784,0.0015);
#22=CIRCLE('',#2785,0.0015);
#23=CIRCLE('',#2787,0.0015);
#24=CIRCLE('',#2788,0.0015);
#25=CIRCLE('',#2790,0.0015);
#26=CIRCLE('',#2791,0.0015);
#27=CIRCLE('',#2793,0.0015);
#28=CIRCLE('',#2795,0.0015);
#29=CIRCLE('',#2796,0.0015);
#30=CIRCLE('',#2798,0.0015);
#31=CIRCLE('',#2800,0.0015);
#32=CIRCLE('',#2801,0.0015);
#33=CIRCLE('',#2803,0.0015);
#34=CIRCLE('',#2807,0.0015);
#35=CIRCLE('',#2808,0.0015);
#36=CYLINDRICAL_SURFACE('',#2777,0.0015);
#37=CYLINDRICAL_SURFACE('',#2786,0.0015);
#38=CYLINDRICAL_SURFACE('',#2792,0.0015);
#39=CYLINDRICAL_SURFACE('',#2797,0.0015);
#40=CYLINDRICAL_SURFACE('',#2802,0.0015);
#41=CYLINDRICAL_SURFACE('',#2805,0.0015);
#42=CYLINDRICAL_SURFACE('',#2806,0.0015);
#43=CYLINDRICAL_SURFACE('',#2809,0.0015);
#44=ORIENTED_EDGE('',*,*,#802,.F.);
#45=ORIENTED_EDGE('',*,*,#803,.T.);
#46=ORIENTED_EDGE('',*,*,#804,.T.);
#47=ORIENTED_EDGE('',*,*,#805,.F.);
#48=ORIENTED_EDGE('',*,*,#806,.T.);
#49=ORIENTED_EDGE('',*,*,#807,.T.);
#50=ORIENTED_EDGE('',*,*,#808,.T.);
#51=ORIENTED_EDGE('',*,*,#809,.T.);
#52=ORIENTED_EDGE('',*,*,#810,.F.);
#53=ORIENTED_EDGE('',*,*,#811,.T.);
#54=ORIENTED_EDGE('',*,*,#812,.T.);
#55=ORIENTED_EDGE('',*,*,#813,.T.);
#56=ORIENTED_EDGE('',*,*,#814,.F.);
#57=ORIENTED_EDGE('',*,*,#815,.T.);
#58=ORIENTED_EDGE('',*,*,#816,.T.);
#59=ORIENTED_EDGE('',*,*,#817,.T.);
#60=ORIENTED_EDGE('',*,*,#818,.F.);
#61=ORIENTED_EDGE('',*,*,#819,.T.);
#62=ORIENTED_EDGE('',*,*,#820,.T.);
#63=ORIENTED_EDGE('',*,*,#821,.T.);
#64=ORIENTED_EDGE('',*,*,#822,.F.);
#65=ORIENTED_EDGE('',*,*,#823,.T.);
#66=ORIENTED_EDGE('',*,*,#824,.T.);
#67=ORIENTED_EDGE('',*,*,#825,.T.);
#68=ORIENTED_EDGE('',*,*,#826,.F.);
#69=ORIENTED_EDGE('',*,*,#827,.T.);
#70=ORIENTED_EDGE('',*,*,#828,.T.);
#71=ORIENTED_EDGE('',*,*,#829,.T.);
#72=ORIENTED_EDGE('',*,*,#830,.F.);
#73=ORIENTED_EDGE('',*,*,#831,.T.);
#74=ORIENTED_EDGE('',*,*,#832,.T.);
#75=ORIENTED_EDGE('',*,*,#833,.T.);
#76=ORIENTED_EDGE('',*,*,#834,.F.);
#77=ORIENTED_EDGE('',*,*,#835,.T.);
#78=ORIENTED_EDGE('',*,*,#836,.T.);
#79=ORIENTED_EDGE('',*,*,#837,.T.);
#80=ORIENTED_EDGE('',*,*,#838,.F.);
#81=ORIENTED_EDGE('',*,*,#839,.T.);
#82=ORIENTED_EDGE('',*,*,#840,.T.);
#83=ORIENTED_EDGE('',*,*,#841,.T.);
#84=ORIENTED_EDGE('',*,*,#842,.F.);
#85=ORIENTED_EDGE('',*,*,#843,.T.);
#86=ORIENTED_EDGE('',*,*,#844,.F.);
#87=ORIENTED_EDGE('',*,*,#845,.F.);
#88=ORIENTED_EDGE('',*,*,#846,.F.);
#89=ORIENTED_EDGE('',*,*,#847,.T.);
#90=ORIENTED_EDGE('',*,*,#848,.F.);
#91=ORIENTED_EDGE('',*,*,#849,.F.);
#92=ORIENTED_EDGE('',*,*,#850,.F.);
#93=ORIENTED_EDGE('',*,*,#851,.T.);
#94=ORIENTED_EDGE('',*,*,#852,.F.);
#95=ORIENTED_EDGE('',*,*,#853,.F.);
#96=ORIENTED_EDGE('',*,*,#854,.F.);
#97=ORIENTED_EDGE('',*,*,#855,.T.);
#98=ORIENTED_EDGE('',*,*,#856,.F.);
#99=ORIENTED_EDGE('',*,*,#857,.F.);
#100=ORIENTED_EDGE('',*,*,#858,.F.);
#101=ORIENTED_EDGE('',*,*,#859,.T.);
#102=ORIENTED_EDGE('',*,*,#860,.F.);
#103=ORIENTED_EDGE('',*,*,#861,.F.);
#104=ORIENTED_EDGE('',*,*,#862,.F.);
#105=ORIENTED_EDGE('',*,*,#863,.T.);
#106=ORIENTED_EDGE('',*,*,#864,.F.);
#107=ORIENTED_EDGE('',*,*,#865,.F.);
#108=ORIENTED_EDGE('',*,*,#866,.F.);
#109=ORIENTED_EDGE('',*,*,#867,.T.);
#110=ORIENTED_EDGE('',*,*,#868,.F.);
#111=ORIENTED_EDGE('',*,*,#869,.F.);
#112=ORIENTED_EDGE('',*,*,#870,.F.);
#113=ORIENTED_EDGE('',*,*,#871,.T.);
#114=ORIENTED_EDGE('',*,*,#872,.F.);
#115=ORIENTED_EDGE('',*,*,#873,.F.);
#116=ORIENTED_EDGE('',*,*,#874,.F.);
#117=ORIENTED_EDGE('',*,*,#875,.T.);
#118=ORIENTED_EDGE('',*,*,#876,.F.);
#119=ORIENTED_EDGE('',*,*,#877,.F.);
#120=ORIENTED_EDGE('',*,*,#878,.F.);
#121=ORIENTED_EDGE('',*,*,#879,.T.);
#122=ORIENTED_EDGE('',*,*,#880,.F.);
#123=ORIENTED_EDGE('',*,*,#881,.F.);
#124=ORIENTED_EDGE('',*,*,#882,.F.);
#125=ORIENTED_EDGE('',*,*,#883,.T.);
#126=ORIENTED_EDGE('',*,*,#884,.T.);
#127=ORIENTED_EDGE('',*,*,#885,.T.);
#128=ORIENTED_EDGE('',*,*,#886,.F.);
#129=ORIENTED_EDGE('',*,*,#887,.T.);
#130=ORIENTED_EDGE('',*,*,#888,.T.);
#131=ORIENTED_EDGE('',*,*,#889,.T.);
#132=ORIENTED_EDGE('',*,*,#890,.F.);
#133=ORIENTED_EDGE('',*,*,#891,.T.);
#134=ORIENTED_EDGE('',*,*,#892,.F.);
#135=ORIENTED_EDGE('',*,*,#893,.F.);
#136=ORIENTED_EDGE('',*,*,#894,.F.);
#137=ORIENTED_EDGE('',*,*,#895,.T.);
#138=ORIENTED_EDGE('',*,*,#896,.T.);
#139=ORIENTED_EDGE('',*,*,#897,.T.);
#140=ORIENTED_EDGE('',*,*,#898,.F.);
#141=ORIENTED_EDGE('',*,*,#899,.T.);
#142=ORIENTED_EDGE('',*,*,#900,.T.);
#143=ORIENTED_EDGE('',*,*,#901,.T.);
#144=ORIENTED_EDGE('',*,*,#902,.F.);
#145=ORIENTED_EDGE('',*,*,#903,.T.);
#146=ORIENTED_EDGE('',*,*,#904,.T.);
#147=ORIENTED_EDGE('',*,*,#905,.T.);
#148=ORIENTED_EDGE('',*,*,#906,.F.);
#149=ORIENTED_EDGE('',*,*,#907,.T.);
#150=ORIENTED_EDGE('',*,*,#908,.T.);
#151=ORIENTED_EDGE('',*,*,#909,.T.);
#152=ORIENTED_EDGE('',*,*,#910,.F.);
#153=ORIENTED_EDGE('',*,*,#911,.T.);
#154=ORIENTED_EDGE('',*,*,#912,.T.);
#155=ORIENTED_EDGE('',*,*,#913,.T.);
#156=ORIENTED_EDGE('',*,*,#914,.F.);
#157=ORIENTED_EDGE('',*,*,#915,.T.);
#158=ORIENTED_EDGE('',*,*,#916,.F.);
#159=ORIENTED_EDGE('',*,*,#917,.F.);
#160=ORIENTED_EDGE('',*,*,#918,.F.);
#161=ORIENTED_EDGE('',*,*,#919,.T.);
#162=ORIENTED_EDGE('',*,*,#920,.F.);
#163=ORIENTED_EDGE('',*,*,#921,.F.);
#164=ORIENTED_EDGE('',*,*,#922,.F.);
#165=ORIENTED_EDGE('',*,*,#923,.T.);
#166=ORIENTED_EDGE('',*,*,#924,.F.);
#167=ORIENTED_EDGE('',*,*,#925,.F.);
#168=ORIENTED_EDGE('',*,*,#926,.F.);
#169=ORIENTED_EDGE('',*,*,#927,.T.);
#170=ORIENTED_EDGE('',*,*,#928,.F.);
#171=ORIENTED_EDGE('',*,*,#929,.F.);
#172=ORIENTED_EDGE('',*,*,#930,.F.);
#173=ORIENTED_EDGE('',*,*,#931,.T.);
#174=ORIENTED_EDGE('',*,*,#932,.T.);
#175=ORIENTED_EDGE('',*,*,#933,.T.);
#176=ORIENTED_EDGE('',*,*,#934,.F.);
#177=ORIENTED_EDGE('',*,*,#935,.T.);
#178=ORIENTED_EDGE('',*,*,#936,.F.);
#179=ORIENTED_EDGE('',*,*,#937,.F.);
#180=ORIENTED_EDGE('',*,*,#938,.F.);
#181=ORIENTED_EDGE('',*,*,#939,.T.);
#182=ORIENTED_EDGE('',*,*,#940,.F.);
#183=ORIENTED_EDGE('',*,*,#941,.F.);
#184=ORIENTED_EDGE('',*,*,#942,.F.);
#185=ORIENTED_EDGE('',*,*,#943,.T.);
#186=ORIENTED_EDGE('',*,*,#944,.F.);
#187=ORIENTED_EDGE('',*,*,#945,.F.);
#188=ORIENTED_EDGE('',*,*,#946,.F.);
#189=ORIENTED_EDGE('',*,*,#947,.T.);
#190=ORIENTED_EDGE('',*,*,#948,.F.);
#191=ORIENTED_EDGE('',*,*,#949,.F.);
#192=ORIENTED_EDGE('',*,*,#950,.F.);
#193=ORIENTED_EDGE('',*,*,#951,.T.);
#194=ORIENTED_EDGE('',*,*,#952,.T.);
#195=ORIENTED_EDGE('',*,*,#953,.T.);
#196=ORIENTED_EDGE('',*,*,#954,.F.);
#197=ORIENTED_EDGE('',*,*,#955,.T.);
#198=ORIENTED_EDGE('',*,*,#956,.T.);
#199=ORIENTED_EDGE('',*,*,#957,.T.);
#200=ORIENTED_EDGE('',*,*,#958,.F.);
#201=ORIENTED_EDGE('',*,*,#959,.T.);
#202=ORIENTED_EDGE('',*,*,#960,.T.);
#203=ORIENTED_EDGE('',*,*,#961,.T.);
#204=ORIENTED_EDGE('',*,*,#962,.F.);
#205=ORIENTED_EDGE('',*,*,#963,.T.);
#206=ORIENTED_EDGE('',*,*,#964,.T.);
#207=ORIENTED_EDGE('',*,*,#965,.T.);
#208=ORIENTED_EDGE('',*,*,#966,.F.);
#209=ORIENTED_EDGE('',*,*,#967,.T.);
#210=ORIENTED_EDGE('',*,*,#968,.T.);
#211=ORIENTED_EDGE('',*,*,#969,.T.);
#212=ORIENTED_EDGE('',*,*,#970,.F.);
#213=ORIENTED_EDGE('',*,*,#971,.T.);
#214=ORIENTED_EDGE('',*,*,#972,.T.);
#215=ORIENTED_EDGE('',*,*,#973,.F.);
#216=ORIENTED_EDGE('',*,*,#974,.F.);
#217=ORIENTED_EDGE('',*,*,#975,.T.);
#218=ORIENTED_EDGE('',*,*,#976,.F.);
#219=ORIENTED_EDGE('',*,*,#977,.F.);
#220=ORIENTED_EDGE('',*,*,#978,.F.);
#221=ORIENTED_EDGE('',*,*,#979,.T.);
#222=ORIENTED_EDGE('',*,*,#980,.T.);
#223=ORIENTED_EDGE('',*,*,#981,.T.);
#224=ORIENTED_EDGE('',*,*,#982,.T.);
#225=ORIENTED_EDGE('',*,*,#930,.T.);
#226=ORIENTED_EDGE('',*,*,#983,.T.);
#227=ORIENTED_EDGE('',*,*,#984,.F.);
#228=ORIENTED_EDGE('',*,*,#985,.T.);
#229=ORIENTED_EDGE('',*,*,#986,.F.);
#230=ORIENTED_EDGE('',*,*,#987,.F.);
#231=ORIENTED_EDGE('',*,*,#988,.T.);
#232=ORIENTED_EDGE('',*,*,#989,.F.);
#233=ORIENTED_EDGE('',*,*,#990,.T.);
#234=ORIENTED_EDGE('',*,*,#991,.T.);
#235=ORIENTED_EDGE('',*,*,#992,.F.);
#236=ORIENTED_EDGE('',*,*,#993,.T.);
#237=ORIENTED_EDGE('',*,*,#994,.T.);
#238=ORIENTED_EDGE('',*,*,#995,.T.);
#239=ORIENTED_EDGE('',*,*,#996,.T.);
#240=ORIENTED_EDGE('',*,*,#997,.F.);
#241=ORIENTED_EDGE('',*,*,#998,.T.);
#242=ORIENTED_EDGE('',*,*,#999,.T.);
#243=ORIENTED_EDGE('',*,*,#1000,.F.);
#244=ORIENTED_EDGE('',*,*,#1001,.F.);
#245=ORIENTED_EDGE('',*,*,#1002,.T.);
#246=ORIENTED_EDGE('',*,*,#1003,.T.);
#247=ORIENTED_EDGE('',*,*,#1004,.T.);
#248=ORIENTED_EDGE('',*,*,#1005,.F.);
#249=ORIENTED_EDGE('',*,*,#1006,.T.);
#250=ORIENTED_EDGE('',*,*,#1007,.T.);
#251=ORIENTED_EDGE('',*,*,#1008,.F.);
#252=ORIENTED_EDGE('',*,*,#1004,.F.);
#253=ORIENTED_EDGE('',*,*,#1009,.T.);
#254=ORIENTED_EDGE('',*,*,#1010,.F.);
#255=ORIENTED_EDGE('',*,*,#1011,.F.);
#256=ORIENTED_EDGE('',*,*,#978,.T.);
#257=ORIENTED_EDGE('',*,*,#1012,.T.);
#258=ORIENTED_EDGE('',*,*,#1011,.T.);
#259=ORIENTED_EDGE('',*,*,#1013,.T.);
#260=ORIENTED_EDGE('',*,*,#1014,.T.);
#261=ORIENTED_EDGE('',*,*,#996,.F.);
#262=ORIENTED_EDGE('',*,*,#1015,.T.);
#263=ORIENTED_EDGE('',*,*,#809,.F.);
#264=ORIENTED_EDGE('',*,*,#1016,.T.);
#265=ORIENTED_EDGE('',*,*,#1017,.F.);
#266=ORIENTED_EDGE('',*,*,#1018,.F.);
#267=ORIENTED_EDGE('',*,*,#1019,.F.);
#268=ORIENTED_EDGE('',*,*,#1020,.T.);
#269=ORIENTED_EDGE('',*,*,#1021,.F.);
#270=ORIENTED_EDGE('',*,*,#1020,.F.);
#271=ORIENTED_EDGE('',*,*,#1022,.T.);
#272=ORIENTED_EDGE('',*,*,#1023,.F.);
#273=ORIENTED_EDGE('',*,*,#1022,.F.);
#274=ORIENTED_EDGE('',*,*,#1024,.F.);
#275=ORIENTED_EDGE('',*,*,#1025,.T.);
#276=ORIENTED_EDGE('',*,*,#994,.F.);
#277=ORIENTED_EDGE('',*,*,#1025,.F.);
#278=ORIENTED_EDGE('',*,*,#1026,.T.);
#279=ORIENTED_EDGE('',*,*,#1027,.F.);
#280=ORIENTED_EDGE('',*,*,#1026,.F.);
#281=ORIENTED_EDGE('',*,*,#1028,.F.);
#282=ORIENTED_EDGE('',*,*,#1029,.T.);
#283=ORIENTED_EDGE('',*,*,#807,.F.);
#284=ORIENTED_EDGE('',*,*,#1029,.F.);
#285=ORIENTED_EDGE('',*,*,#1030,.T.);
#286=ORIENTED_EDGE('',*,*,#1031,.F.);
#287=ORIENTED_EDGE('',*,*,#1030,.F.);
#288=ORIENTED_EDGE('',*,*,#1032,.F.);
#289=ORIENTED_EDGE('',*,*,#1033,.T.);
#290=ORIENTED_EDGE('',*,*,#1003,.F.);
#291=ORIENTED_EDGE('',*,*,#1033,.F.);
#292=ORIENTED_EDGE('',*,*,#1018,.T.);
#293=ORIENTED_EDGE('',*,*,#1009,.F.);
#294=ORIENTED_EDGE('',*,*,#1034,.F.);
#295=ORIENTED_EDGE('',*,*,#1023,.T.);
#296=ORIENTED_EDGE('',*,*,#993,.F.);
#297=ORIENTED_EDGE('',*,*,#1014,.F.);
#298=ORIENTED_EDGE('',*,*,#1035,.F.);
#299=ORIENTED_EDGE('',*,*,#1036,.F.);
#300=ORIENTED_EDGE('',*,*,#1016,.F.);
#301=ORIENTED_EDGE('',*,*,#808,.F.);
#302=ORIENTED_EDGE('',*,*,#1031,.T.);
#303=ORIENTED_EDGE('',*,*,#1002,.F.);
#304=ORIENTED_EDGE('',*,*,#1037,.F.);
#305=ORIENTED_EDGE('',*,*,#1038,.F.);
#306=ORIENTED_EDGE('',*,*,#995,.F.);
#307=ORIENTED_EDGE('',*,*,#1027,.T.);
#308=ORIENTED_EDGE('',*,*,#806,.F.);
#309=ORIENTED_EDGE('',*,*,#1015,.F.);
#310=ORIENTED_EDGE('',*,*,#1010,.T.);
#311=ORIENTED_EDGE('',*,*,#1021,.T.);
#312=ORIENTED_EDGE('',*,*,#1034,.T.);
#313=ORIENTED_EDGE('',*,*,#1013,.F.);
#314=ORIENTED_EDGE('',*,*,#1039,.F.);
#315=ORIENTED_EDGE('',*,*,#1040,.T.);
#316=ORIENTED_EDGE('',*,*,#1041,.F.);
#317=ORIENTED_EDGE('',*,*,#932,.F.);
#318=ORIENTED_EDGE('',*,*,#1042,.F.);
#319=ORIENTED_EDGE('',*,*,#984,.T.);
#320=ORIENTED_EDGE('',*,*,#1043,.F.);
#321=ORIENTED_EDGE('',*,*,#1040,.F.);
#322=ORIENTED_EDGE('',*,*,#1044,.T.);
#323=ORIENTED_EDGE('',*,*,#1045,.T.);
#324=ORIENTED_EDGE('',*,*,#1046,.F.);
#325=ORIENTED_EDGE('',*,*,#1047,.F.);
#326=ORIENTED_EDGE('',*,*,#1048,.T.);
#327=ORIENTED_EDGE('',*,*,#1049,.F.);
#328=ORIENTED_EDGE('',*,*,#1050,.F.);
#329=ORIENTED_EDGE('',*,*,#1051,.T.);
#330=ORIENTED_EDGE('',*,*,#1047,.T.);
#331=ORIENTED_EDGE('',*,*,#1052,.F.);
#332=ORIENTED_EDGE('',*,*,#1053,.F.);
#333=ORIENTED_EDGE('',*,*,#1054,.T.);
#334=ORIENTED_EDGE('',*,*,#1049,.T.);
#335=ORIENTED_EDGE('',*,*,#1055,.F.);
#336=ORIENTED_EDGE('',*,*,#1056,.F.);
#337=ORIENTED_EDGE('',*,*,#1057,.F.);
#338=ORIENTED_EDGE('',*,*,#1058,.F.);
#339=ORIENTED_EDGE('',*,*,#1059,.T.);
#340=ORIENTED_EDGE('',*,*,#1060,.F.);
#341=ORIENTED_EDGE('',*,*,#1052,.T.);
#342=ORIENTED_EDGE('',*,*,#1061,.T.);
#343=ORIENTED_EDGE('',*,*,#1045,.F.);
#344=ORIENTED_EDGE('',*,*,#1062,.F.);
#345=ORIENTED_EDGE('',*,*,#1063,.F.);
#346=ORIENTED_EDGE('',*,*,#1064,.F.);
#347=ORIENTED_EDGE('',*,*,#1065,.F.);
#348=ORIENTED_EDGE('',*,*,#1066,.T.);
#349=ORIENTED_EDGE('',*,*,#1067,.T.);
#350=ORIENTED_EDGE('',*,*,#1060,.T.);
#351=ORIENTED_EDGE('',*,*,#1068,.F.);
#352=ORIENTED_EDGE('',*,*,#1069,.F.);
#353=ORIENTED_EDGE('',*,*,#1070,.T.);
#354=ORIENTED_EDGE('',*,*,#1056,.T.);
#355=ORIENTED_EDGE('',*,*,#1044,.F.);
#356=ORIENTED_EDGE('',*,*,#933,.F.);
#357=ORIENTED_EDGE('',*,*,#1041,.T.);
#358=ORIENTED_EDGE('',*,*,#1043,.T.);
#359=ORIENTED_EDGE('',*,*,#983,.F.);
#360=ORIENTED_EDGE('',*,*,#1061,.F.);
#361=ORIENTED_EDGE('',*,*,#1055,.T.);
#362=ORIENTED_EDGE('',*,*,#1048,.F.);
#363=ORIENTED_EDGE('',*,*,#1046,.T.);
#364=ORIENTED_EDGE('',*,*,#1019,.T.);
#365=ORIENTED_EDGE('',*,*,#1032,.T.);
#366=ORIENTED_EDGE('',*,*,#1028,.T.);
#367=ORIENTED_EDGE('',*,*,#1024,.T.);
#368=ORIENTED_EDGE('',*,*,#1008,.T.);
#369=ORIENTED_EDGE('',*,*,#1071,.F.);
#370=ORIENTED_EDGE('',*,*,#985,.F.);
#371=ORIENTED_EDGE('',*,*,#1042,.T.);
#372=ORIENTED_EDGE('',*,*,#1039,.T.);
#373=ORIENTED_EDGE('',*,*,#931,.F.);
#374=ORIENTED_EDGE('',*,*,#982,.F.);
#375=ORIENTED_EDGE('',*,*,#1072,.T.);
#376=ORIENTED_EDGE('',*,*,#1037,.T.);
#377=ORIENTED_EDGE('',*,*,#1001,.T.);
#378=ORIENTED_EDGE('',*,*,#1073,.F.);
#379=ORIENTED_EDGE('',*,*,#987,.T.);
#380=ORIENTED_EDGE('',*,*,#1074,.T.);
#381=ORIENTED_EDGE('',*,*,#1006,.F.);
#382=ORIENTED_EDGE('',*,*,#1005,.T.);
#383=ORIENTED_EDGE('',*,*,#1012,.F.);
#384=ORIENTED_EDGE('',*,*,#988,.F.);
#385=ORIENTED_EDGE('',*,*,#1073,.T.);
#386=ORIENTED_EDGE('',*,*,#1036,.T.);
#387=ORIENTED_EDGE('',*,*,#1075,.F.);
#388=ORIENTED_EDGE('',*,*,#979,.F.);
#389=ORIENTED_EDGE('',*,*,#1017,.T.);
#390=ORIENTED_EDGE('',*,*,#1035,.T.);
#391=ORIENTED_EDGE('',*,*,#1076,.F.);
#392=ORIENTED_EDGE('',*,*,#980,.F.);
#393=ORIENTED_EDGE('',*,*,#1075,.T.);
#394=ORIENTED_EDGE('',*,*,#1038,.T.);
#395=ORIENTED_EDGE('',*,*,#1072,.F.);
#396=ORIENTED_EDGE('',*,*,#981,.F.);
#397=ORIENTED_EDGE('',*,*,#1076,.T.);
#398=ORIENTED_EDGE('',*,*,#1074,.F.);
#399=ORIENTED_EDGE('',*,*,#986,.T.);
#400=ORIENTED_EDGE('',*,*,#1071,.T.);
#401=ORIENTED_EDGE('',*,*,#1007,.F.);
#402=ORIENTED_EDGE('',*,*,#989,.T.);
#403=ORIENTED_EDGE('',*,*,#1077,.T.);
#404=ORIENTED_EDGE('',*,*,#998,.F.);
#405=ORIENTED_EDGE('',*,*,#1078,.F.);
#406=ORIENTED_EDGE('',*,*,#1078,.T.);
#407=ORIENTED_EDGE('',*,*,#997,.T.);
#408=ORIENTED_EDGE('',*,*,#1079,.F.);
#409=ORIENTED_EDGE('',*,*,#990,.F.);
#410=ORIENTED_EDGE('',*,*,#1079,.T.);
#411=ORIENTED_EDGE('',*,*,#1000,.T.);
#412=ORIENTED_EDGE('',*,*,#1080,.F.);
#413=ORIENTED_EDGE('',*,*,#991,.F.);
#414=ORIENTED_EDGE('',*,*,#992,.T.);
#415=ORIENTED_EDGE('',*,*,#1080,.T.);
#416=ORIENTED_EDGE('',*,*,#999,.F.);
#417=ORIENTED_EDGE('',*,*,#1077,.F.);
#418=ORIENTED_EDGE('',*,*,#1081,.T.);
#419=ORIENTED_EDGE('',*,*,#1068,.T.);
#420=ORIENTED_EDGE('',*,*,#1059,.F.);
#421=ORIENTED_EDGE('',*,*,#1082,.T.);
#422=ORIENTED_EDGE('',*,*,#1070,.F.);
#423=ORIENTED_EDGE('',*,*,#1083,.F.);
#424=ORIENTED_EDGE('',*,*,#1084,.F.);
#425=ORIENTED_EDGE('',*,*,#1057,.T.);
#426=ORIENTED_EDGE('',*,*,#1083,.T.);
#427=ORIENTED_EDGE('',*,*,#1069,.T.);
#428=ORIENTED_EDGE('',*,*,#1081,.F.);
#429=ORIENTED_EDGE('',*,*,#1085,.T.);
#430=ORIENTED_EDGE('',*,*,#1082,.F.);
#431=ORIENTED_EDGE('',*,*,#1058,.T.);
#432=ORIENTED_EDGE('',*,*,#1084,.T.);
#433=ORIENTED_EDGE('',*,*,#1085,.F.);
#434=ORIENTED_EDGE('',*,*,#1086,.T.);
#435=ORIENTED_EDGE('',*,*,#1064,.T.);
#436=ORIENTED_EDGE('',*,*,#1087,.F.);
#437=ORIENTED_EDGE('',*,*,#1088,.T.);
#438=ORIENTED_EDGE('',*,*,#1087,.T.);
#439=ORIENTED_EDGE('',*,*,#1063,.T.);
#440=ORIENTED_EDGE('',*,*,#1089,.F.);
#441=ORIENTED_EDGE('',*,*,#1090,.T.);
#442=ORIENTED_EDGE('',*,*,#1089,.T.);
#443=ORIENTED_EDGE('',*,*,#1062,.T.);
#444=ORIENTED_EDGE('',*,*,#1051,.F.);
#445=ORIENTED_EDGE('',*,*,#1091,.T.);
#446=ORIENTED_EDGE('',*,*,#1067,.F.);
#447=ORIENTED_EDGE('',*,*,#1092,.F.);
#448=ORIENTED_EDGE('',*,*,#1093,.F.);
#449=ORIENTED_EDGE('',*,*,#1053,.T.);
#450=ORIENTED_EDGE('',*,*,#1066,.F.);
#451=ORIENTED_EDGE('',*,*,#1094,.F.);
#452=ORIENTED_EDGE('',*,*,#1095,.F.);
#453=ORIENTED_EDGE('',*,*,#1092,.T.);
#454=ORIENTED_EDGE('',*,*,#1094,.T.);
#455=ORIENTED_EDGE('',*,*,#1065,.T.);
#456=ORIENTED_EDGE('',*,*,#1086,.F.);
#457=ORIENTED_EDGE('',*,*,#1096,.T.);
#458=ORIENTED_EDGE('',*,*,#1088,.F.);
#459=ORIENTED_EDGE('',*,*,#1090,.F.);
#460=ORIENTED_EDGE('',*,*,#1091,.F.);
#461=ORIENTED_EDGE('',*,*,#1050,.T.);
#462=ORIENTED_EDGE('',*,*,#1054,.F.);
#463=ORIENTED_EDGE('',*,*,#1093,.T.);
#464=ORIENTED_EDGE('',*,*,#1095,.T.);
#465=ORIENTED_EDGE('',*,*,#1096,.F.);
#466=ORIENTED_EDGE('',*,*,#1097,.F.);
#467=ORIENTED_EDGE('',*,*,#926,.T.);
#468=ORIENTED_EDGE('',*,*,#1098,.T.);
#469=ORIENTED_EDGE('',*,*,#811,.F.);
#470=ORIENTED_EDGE('',*,*,#810,.T.);
#471=ORIENTED_EDGE('',*,*,#1099,.F.);
#472=ORIENTED_EDGE('',*,*,#927,.F.);
#473=ORIENTED_EDGE('',*,*,#1097,.T.);
#474=ORIENTED_EDGE('',*,*,#1100,.F.);
#475=ORIENTED_EDGE('',*,*,#928,.T.);
#476=ORIENTED_EDGE('',*,*,#1099,.T.);
#477=ORIENTED_EDGE('',*,*,#813,.F.);
#478=ORIENTED_EDGE('',*,*,#1098,.F.);
#479=ORIENTED_EDGE('',*,*,#929,.T.);
#480=ORIENTED_EDGE('',*,*,#1100,.T.);
#481=ORIENTED_EDGE('',*,*,#812,.F.);
#482=ORIENTED_EDGE('',*,*,#1101,.F.);
#483=ORIENTED_EDGE('',*,*,#934,.T.);
#484=ORIENTED_EDGE('',*,*,#1102,.T.);
#485=ORIENTED_EDGE('',*,*,#815,.F.);
#486=ORIENTED_EDGE('',*,*,#814,.T.);
#487=ORIENTED_EDGE('',*,*,#1103,.F.);
#488=ORIENTED_EDGE('',*,*,#935,.F.);
#489=ORIENTED_EDGE('',*,*,#1101,.T.);
#490=ORIENTED_EDGE('',*,*,#1104,.F.);
#491=ORIENTED_EDGE('',*,*,#936,.T.);
#492=ORIENTED_EDGE('',*,*,#1103,.T.);
#493=ORIENTED_EDGE('',*,*,#817,.F.);
#494=ORIENTED_EDGE('',*,*,#1102,.F.);
#495=ORIENTED_EDGE('',*,*,#937,.T.);
#496=ORIENTED_EDGE('',*,*,#1104,.T.);
#497=ORIENTED_EDGE('',*,*,#816,.F.);
#498=ORIENTED_EDGE('',*,*,#1105,.F.);
#499=ORIENTED_EDGE('',*,*,#922,.T.);
#500=ORIENTED_EDGE('',*,*,#1106,.T.);
#501=ORIENTED_EDGE('',*,*,#819,.F.);
#502=ORIENTED_EDGE('',*,*,#818,.T.);
#503=ORIENTED_EDGE('',*,*,#1107,.F.);
#504=ORIENTED_EDGE('',*,*,#923,.F.);
#505=ORIENTED_EDGE('',*,*,#1105,.T.);
#506=ORIENTED_EDGE('',*,*,#1108,.F.);
#507=ORIENTED_EDGE('',*,*,#924,.T.);
#508=ORIENTED_EDGE('',*,*,#1107,.T.);
#509=ORIENTED_EDGE('',*,*,#821,.F.);
#510=ORIENTED_EDGE('',*,*,#1106,.F.);
#511=ORIENTED_EDGE('',*,*,#925,.T.);
#512=ORIENTED_EDGE('',*,*,#1108,.T.);
#513=ORIENTED_EDGE('',*,*,#820,.F.);
#514=ORIENTED_EDGE('',*,*,#1109,.F.);
#515=ORIENTED_EDGE('',*,*,#938,.T.);
#516=ORIENTED_EDGE('',*,*,#1110,.T.);
#517=ORIENTED_EDGE('',*,*,#823,.F.);
#518=ORIENTED_EDGE('',*,*,#822,.T.);
#519=ORIENTED_EDGE('',*,*,#1111,.F.);
#520=ORIENTED_EDGE('',*,*,#939,.F.);
#521=ORIENTED_EDGE('',*,*,#1109,.T.);
#522=ORIENTED_EDGE('',*,*,#1112,.F.);
#523=ORIENTED_EDGE('',*,*,#940,.T.);
#524=ORIENTED_EDGE('',*,*,#1111,.T.);
#525=ORIENTED_EDGE('',*,*,#825,.F.);
#526=ORIENTED_EDGE('',*,*,#1110,.F.);
#527=ORIENTED_EDGE('',*,*,#941,.T.);
#528=ORIENTED_EDGE('',*,*,#1112,.T.);
#529=ORIENTED_EDGE('',*,*,#824,.F.);
#530=ORIENTED_EDGE('',*,*,#1113,.F.);
#531=ORIENTED_EDGE('',*,*,#918,.T.);
#532=ORIENTED_EDGE('',*,*,#1114,.T.);
#533=ORIENTED_EDGE('',*,*,#827,.F.);
#534=ORIENTED_EDGE('',*,*,#826,.T.);
#535=ORIENTED_EDGE('',*,*,#1115,.F.);
#536=ORIENTED_EDGE('',*,*,#919,.F.);
#537=ORIENTED_EDGE('',*,*,#1113,.T.);
#538=ORIENTED_EDGE('',*,*,#1116,.F.);
#539=ORIENTED_EDGE('',*,*,#920,.T.);
#540=ORIENTED_EDGE('',*,*,#1115,.T.);
#541=ORIENTED_EDGE('',*,*,#829,.F.);
#542=ORIENTED_EDGE('',*,*,#1114,.F.);
#543=ORIENTED_EDGE('',*,*,#921,.T.);
#544=ORIENTED_EDGE('',*,*,#1116,.T.);
#545=ORIENTED_EDGE('',*,*,#828,.F.);
#546=ORIENTED_EDGE('',*,*,#1117,.F.);
#547=ORIENTED_EDGE('',*,*,#942,.T.);
#548=ORIENTED_EDGE('',*,*,#1118,.T.);
#549=ORIENTED_EDGE('',*,*,#831,.F.);
#550=ORIENTED_EDGE('',*,*,#830,.T.);
#551=ORIENTED_EDGE('',*,*,#1119,.F.);
#552=ORIENTED_EDGE('',*,*,#943,.F.);
#553=ORIENTED_EDGE('',*,*,#1117,.T.);
#554=ORIENTED_EDGE('',*,*,#1120,.F.);
#555=ORIENTED_EDGE('',*,*,#944,.T.);
#556=ORIENTED_EDGE('',*,*,#1119,.T.);
#557=ORIENTED_EDGE('',*,*,#833,.F.);
#558=ORIENTED_EDGE('',*,*,#1118,.F.);
#559=ORIENTED_EDGE('',*,*,#945,.T.);
#560=ORIENTED_EDGE('',*,*,#1120,.T.);
#561=ORIENTED_EDGE('',*,*,#832,.F.);
#562=ORIENTED_EDGE('',*,*,#1121,.F.);
#563=ORIENTED_EDGE('',*,*,#914,.T.);
#564=ORIENTED_EDGE('',*,*,#1122,.T.);
#565=ORIENTED_EDGE('',*,*,#835,.F.);
#566=ORIENTED_EDGE('',*,*,#834,.T.);
#567=ORIENTED_EDGE('',*,*,#1123,.F.);
#568=ORIENTED_EDGE('',*,*,#915,.F.);
#569=ORIENTED_EDGE('',*,*,#1121,.T.);
#570=ORIENTED_EDGE('',*,*,#1124,.F.);
#571=ORIENTED_EDGE('',*,*,#916,.T.);
#572=ORIENTED_EDGE('',*,*,#1123,.T.);
#573=ORIENTED_EDGE('',*,*,#837,.F.);
#574=ORIENTED_EDGE('',*,*,#1122,.F.);
#575=ORIENTED_EDGE('',*,*,#917,.T.);
#576=ORIENTED_EDGE('',*,*,#1124,.T.);
#577=ORIENTED_EDGE('',*,*,#836,.F.);
#578=ORIENTED_EDGE('',*,*,#1125,.F.);
#579=ORIENTED_EDGE('',*,*,#946,.T.);
#580=ORIENTED_EDGE('',*,*,#1126,.T.);
#581=ORIENTED_EDGE('',*,*,#839,.F.);
#582=ORIENTED_EDGE('',*,*,#838,.T.);
#583=ORIENTED_EDGE('',*,*,#1127,.F.);
#584=ORIENTED_EDGE('',*,*,#947,.F.);
#585=ORIENTED_EDGE('',*,*,#1125,.T.);
#586=ORIENTED_EDGE('',*,*,#1128,.F.);
#587=ORIENTED_EDGE('',*,*,#948,.T.);
#588=ORIENTED_EDGE('',*,*,#1127,.T.);
#589=ORIENTED_EDGE('',*,*,#841,.F.);
#590=ORIENTED_EDGE('',*,*,#1126,.F.);
#591=ORIENTED_EDGE('',*,*,#949,.T.);
#592=ORIENTED_EDGE('',*,*,#1128,.T.);
#593=ORIENTED_EDGE('',*,*,#840,.F.);
#594=ORIENTED_EDGE('',*,*,#1129,.F.);
#595=ORIENTED_EDGE('',*,*,#910,.T.);
#596=ORIENTED_EDGE('',*,*,#1130,.T.);
#597=ORIENTED_EDGE('',*,*,#843,.F.);
#598=ORIENTED_EDGE('',*,*,#842,.T.);
#599=ORIENTED_EDGE('',*,*,#1131,.F.);
#600=ORIENTED_EDGE('',*,*,#911,.F.);
#601=ORIENTED_EDGE('',*,*,#1129,.T.);
#602=ORIENTED_EDGE('',*,*,#845,.T.);
#603=ORIENTED_EDGE('',*,*,#1132,.F.);
#604=ORIENTED_EDGE('',*,*,#912,.F.);
#605=ORIENTED_EDGE('',*,*,#1131,.T.);
#606=ORIENTED_EDGE('',*,*,#844,.T.);
#607=ORIENTED_EDGE('',*,*,#1130,.F.);
#608=ORIENTED_EDGE('',*,*,#913,.F.);
#609=ORIENTED_EDGE('',*,*,#1132,.T.);
#610=ORIENTED_EDGE('',*,*,#1133,.F.);
#611=ORIENTED_EDGE('',*,*,#950,.T.);
#612=ORIENTED_EDGE('',*,*,#1134,.T.);
#613=ORIENTED_EDGE('',*,*,#847,.F.);
#614=ORIENTED_EDGE('',*,*,#846,.T.);
#615=ORIENTED_EDGE('',*,*,#1135,.F.);
#616=ORIENTED_EDGE('',*,*,#951,.F.);
#617=ORIENTED_EDGE('',*,*,#1133,.T.);
#618=ORIENTED_EDGE('',*,*,#849,.T.);
#619=ORIENTED_EDGE('',*,*,#1136,.F.);
#620=ORIENTED_EDGE('',*,*,#952,.F.);
#621=ORIENTED_EDGE('',*,*,#1135,.T.);
#622=ORIENTED_EDGE('',*,*,#848,.T.);
#623=ORIENTED_EDGE('',*,*,#1134,.F.);
#624=ORIENTED_EDGE('',*,*,#953,.F.);
#625=ORIENTED_EDGE('',*,*,#1136,.T.);
#626=ORIENTED_EDGE('',*,*,#1137,.F.);
#627=ORIENTED_EDGE('',*,*,#906,.T.);
#628=ORIENTED_EDGE('',*,*,#1138,.T.);
#629=ORIENTED_EDGE('',*,*,#851,.F.);
#630=ORIENTED_EDGE('',*,*,#850,.T.);
#631=ORIENTED_EDGE('',*,*,#1139,.F.);
#632=ORIENTED_EDGE('',*,*,#907,.F.);
#633=ORIENTED_EDGE('',*,*,#1137,.T.);
#634=ORIENTED_EDGE('',*,*,#853,.T.);
#635=ORIENTED_EDGE('',*,*,#1140,.F.);
#636=ORIENTED_EDGE('',*,*,#908,.F.);
#637=ORIENTED_EDGE('',*,*,#1139,.T.);
#638=ORIENTED_EDGE('',*,*,#852,.T.);
#639=ORIENTED_EDGE('',*,*,#1138,.F.);
#640=ORIENTED_EDGE('',*,*,#909,.F.);
#641=ORIENTED_EDGE('',*,*,#1140,.T.);
#642=ORIENTED_EDGE('',*,*,#1141,.F.);
#643=ORIENTED_EDGE('',*,*,#954,.T.);
#644=ORIENTED_EDGE('',*,*,#1142,.T.);
#645=ORIENTED_EDGE('',*,*,#855,.F.);
#646=ORIENTED_EDGE('',*,*,#854,.T.);
#647=ORIENTED_EDGE('',*,*,#1143,.F.);
#648=ORIENTED_EDGE('',*,*,#955,.F.);
#649=ORIENTED_EDGE('',*,*,#1141,.T.);
#650=ORIENTED_EDGE('',*,*,#857,.T.);
#651=ORIENTED_EDGE('',*,*,#1144,.F.);
#652=ORIENTED_EDGE('',*,*,#956,.F.);
#653=ORIENTED_EDGE('',*,*,#1143,.T.);
#654=ORIENTED_EDGE('',*,*,#856,.T.);
#655=ORIENTED_EDGE('',*,*,#1142,.F.);
#656=ORIENTED_EDGE('',*,*,#957,.F.);
#657=ORIENTED_EDGE('',*,*,#1144,.T.);
#658=ORIENTED_EDGE('',*,*,#1145,.F.);
#659=ORIENTED_EDGE('',*,*,#902,.T.);
#660=ORIENTED_EDGE('',*,*,#1146,.T.);
#661=ORIENTED_EDGE('',*,*,#859,.F.);
#662=ORIENTED_EDGE('',*,*,#858,.T.);
#663=ORIENTED_EDGE('',*,*,#1147,.F.);
#664=ORIENTED_EDGE('',*,*,#903,.F.);
#665=ORIENTED_EDGE('',*,*,#1145,.T.);
#666=ORIENTED_EDGE('',*,*,#861,.T.);
#667=ORIENTED_EDGE('',*,*,#1148,.F.);
#668=ORIENTED_EDGE('',*,*,#904,.F.);
#669=ORIENTED_EDGE('',*,*,#1147,.T.);
#670=ORIENTED_EDGE('',*,*,#860,.T.);
#671=ORIENTED_EDGE('',*,*,#1146,.F.);
#672=ORIENTED_EDGE('',*,*,#905,.F.);
#673=ORIENTED_EDGE('',*,*,#1148,.T.);
#674=ORIENTED_EDGE('',*,*,#1149,.F.);
#675=ORIENTED_EDGE('',*,*,#958,.T.);
#676=ORIENTED_EDGE('',*,*,#1150,.T.);
#677=ORIENTED_EDGE('',*,*,#863,.F.);
#678=ORIENTED_EDGE('',*,*,#862,.T.);
#679=ORIENTED_EDGE('',*,*,#1151,.F.);
#680=ORIENTED_EDGE('',*,*,#959,.F.);
#681=ORIENTED_EDGE('',*,*,#1149,.T.);
#682=ORIENTED_EDGE('',*,*,#865,.T.);
#683=ORIENTED_EDGE('',*,*,#1152,.F.);
#684=ORIENTED_EDGE('',*,*,#960,.F.);
#685=ORIENTED_EDGE('',*,*,#1151,.T.);
#686=ORIENTED_EDGE('',*,*,#864,.T.);
#687=ORIENTED_EDGE('',*,*,#1150,.F.);
#688=ORIENTED_EDGE('',*,*,#961,.F.);
#689=ORIENTED_EDGE('',*,*,#1152,.T.);
#690=ORIENTED_EDGE('',*,*,#1153,.F.);
#691=ORIENTED_EDGE('',*,*,#898,.T.);
#692=ORIENTED_EDGE('',*,*,#1154,.T.);
#693=ORIENTED_EDGE('',*,*,#867,.F.);
#694=ORIENTED_EDGE('',*,*,#866,.T.);
#695=ORIENTED_EDGE('',*,*,#1155,.F.);
#696=ORIENTED_EDGE('',*,*,#899,.F.);
#697=ORIENTED_EDGE('',*,*,#1153,.T.);
#698=ORIENTED_EDGE('',*,*,#869,.T.);
#699=ORIENTED_EDGE('',*,*,#1156,.F.);
#700=ORIENTED_EDGE('',*,*,#900,.F.);
#701=ORIENTED_EDGE('',*,*,#1155,.T.);
#702=ORIENTED_EDGE('',*,*,#868,.T.);
#703=ORIENTED_EDGE('',*,*,#1154,.F.);
#704=ORIENTED_EDGE('',*,*,#901,.F.);
#705=ORIENTED_EDGE('',*,*,#1156,.T.);
#706=ORIENTED_EDGE('',*,*,#1157,.F.);
#707=ORIENTED_EDGE('',*,*,#962,.T.);
#708=ORIENTED_EDGE('',*,*,#1158,.T.);
#709=ORIENTED_EDGE('',*,*,#871,.F.);
#710=ORIENTED_EDGE('',*,*,#870,.T.);
#711=ORIENTED_EDGE('',*,*,#1159,.F.);
#712=ORIENTED_EDGE('',*,*,#963,.F.);
#713=ORIENTED_EDGE('',*,*,#1157,.T.);
#714=ORIENTED_EDGE('',*,*,#873,.T.);
#715=ORIENTED_EDGE('',*,*,#1160,.F.);
#716=ORIENTED_EDGE('',*,*,#964,.F.);
#717=ORIENTED_EDGE('',*,*,#1159,.T.);
#718=ORIENTED_EDGE('',*,*,#872,.T.);
#719=ORIENTED_EDGE('',*,*,#1158,.F.);
#720=ORIENTED_EDGE('',*,*,#965,.F.);
#721=ORIENTED_EDGE('',*,*,#1160,.T.);
#722=ORIENTED_EDGE('',*,*,#1161,.F.);
#723=ORIENTED_EDGE('',*,*,#894,.T.);
#724=ORIENTED_EDGE('',*,*,#1162,.T.);
#725=ORIENTED_EDGE('',*,*,#875,.F.);
#726=ORIENTED_EDGE('',*,*,#874,.T.);
#727=ORIENTED_EDGE('',*,*,#1163,.F.);
#728=ORIENTED_EDGE('',*,*,#895,.F.);
#729=ORIENTED_EDGE('',*,*,#1161,.T.);
#730=ORIENTED_EDGE('',*,*,#877,.T.);
#731=ORIENTED_EDGE('',*,*,#1164,.F.);
#732=ORIENTED_EDGE('',*,*,#896,.F.);
#733=ORIENTED_EDGE('',*,*,#1163,.T.);
#734=ORIENTED_EDGE('',*,*,#876,.T.);
#735=ORIENTED_EDGE('',*,*,#1162,.F.);
#736=ORIENTED_EDGE('',*,*,#897,.F.);
#737=ORIENTED_EDGE('',*,*,#1164,.T.);
#738=ORIENTED_EDGE('',*,*,#1165,.F.);
#739=ORIENTED_EDGE('',*,*,#966,.T.);
#740=ORIENTED_EDGE('',*,*,#1166,.T.);
#741=ORIENTED_EDGE('',*,*,#879,.F.);
#742=ORIENTED_EDGE('',*,*,#878,.T.);
#743=ORIENTED_EDGE('',*,*,#1167,.F.);
#744=ORIENTED_EDGE('',*,*,#967,.F.);
#745=ORIENTED_EDGE('',*,*,#1165,.T.);
#746=ORIENTED_EDGE('',*,*,#881,.T.);
#747=ORIENTED_EDGE('',*,*,#1168,.F.);
#748=ORIENTED_EDGE('',*,*,#968,.F.);
#749=ORIENTED_EDGE('',*,*,#1167,.T.);
#750=ORIENTED_EDGE('',*,*,#880,.T.);
#751=ORIENTED_EDGE('',*,*,#1166,.F.);
#752=ORIENTED_EDGE('',*,*,#969,.F.);
#753=ORIENTED_EDGE('',*,*,#1168,.T.);
#754=ORIENTED_EDGE('',*,*,#1169,.F.);
#755=ORIENTED_EDGE('',*,*,#890,.T.);
#756=ORIENTED_EDGE('',*,*,#1170,.T.);
#757=ORIENTED_EDGE('',*,*,#883,.F.);
#758=ORIENTED_EDGE('',*,*,#882,.T.);
#759=ORIENTED_EDGE('',*,*,#1171,.F.);
#760=ORIENTED_EDGE('',*,*,#891,.F.);
#761=ORIENTED_EDGE('',*,*,#1169,.T.);
#762=ORIENTED_EDGE('',*,*,#1172,.F.);
#763=ORIENTED_EDGE('',*,*,#892,.T.);
#764=ORIENTED_EDGE('',*,*,#1171,.T.);
#765=ORIENTED_EDGE('',*,*,#885,.F.);
#766=ORIENTED_EDGE('',*,*,#1170,.F.);
#767=ORIENTED_EDGE('',*,*,#893,.T.);
#768=ORIENTED_EDGE('',*,*,#1172,.T.);
#769=ORIENTED_EDGE('',*,*,#884,.F.);
#770=ORIENTED_EDGE('',*,*,#802,.T.);
#771=ORIENTED_EDGE('',*,*,#1173,.F.);
#772=ORIENTED_EDGE('',*,*,#971,.F.);
#773=ORIENTED_EDGE('',*,*,#1174,.T.);
#774=ORIENTED_EDGE('',*,*,#805,.T.);
#775=ORIENTED_EDGE('',*,*,#1175,.F.);
#776=ORIENTED_EDGE('',*,*,#972,.F.);
#777=ORIENTED_EDGE('',*,*,#1173,.T.);
#778=ORIENTED_EDGE('',*,*,#1176,.F.);
#779=ORIENTED_EDGE('',*,*,#973,.T.);
#780=ORIENTED_EDGE('',*,*,#1175,.T.);
#781=ORIENTED_EDGE('',*,*,#804,.F.);
#782=ORIENTED_EDGE('',*,*,#1174,.F.);
#783=ORIENTED_EDGE('',*,*,#970,.T.);
#784=ORIENTED_EDGE('',*,*,#1176,.T.);
#785=ORIENTED_EDGE('',*,*,#803,.F.);
#786=ORIENTED_EDGE('',*,*,#1177,.F.);
#787=ORIENTED_EDGE('',*,*,#974,.T.);
#788=ORIENTED_EDGE('',*,*,#1178,.T.);
#789=ORIENTED_EDGE('',*,*,#887,.F.);
#790=ORIENTED_EDGE('',*,*,#886,.T.);
#791=ORIENTED_EDGE('',*,*,#1179,.F.);
#792=ORIENTED_EDGE('',*,*,#975,.F.);
#793=ORIENTED_EDGE('',*,*,#1177,.T.);
#794=ORIENTED_EDGE('',*,*,#1180,.F.);
#795=ORIENTED_EDGE('',*,*,#976,.T.);
#796=ORIENTED_EDGE('',*,*,#1179,.T.);
#797=ORIENTED_EDGE('',*,*,#889,.F.);
#798=ORIENTED_EDGE('',*,*,#1178,.F.);
#799=ORIENTED_EDGE('',*,*,#977,.T.);
#800=ORIENTED_EDGE('',*,*,#1180,.T.);
#801=ORIENTED_EDGE('',*,*,#888,.F.);
#802=EDGE_CURVE('',#1181,#1182,#1429,.T.);
#803=EDGE_CURVE('',#1181,#1183,#1430,.T.);
#804=EDGE_CURVE('',#1183,#1184,#1431,.T.);
#805=EDGE_CURVE('',#1182,#1184,#1432,.T.);
#806=EDGE_CURVE('',#1185,#1186,#1433,.T.);
#807=EDGE_CURVE('',#1186,#1187,#1434,.F.);
#808=EDGE_CURVE('',#1187,#1188,#1435,.T.);
#809=EDGE_CURVE('',#1188,#1185,#1436,.T.);
#810=EDGE_CURVE('',#1189,#1190,#1437,.T.);
#811=EDGE_CURVE('',#1189,#1191,#1438,.T.);
#812=EDGE_CURVE('',#1191,#1192,#1439,.T.);
#813=EDGE_CURVE('',#1192,#1190,#1440,.T.);
#814=EDGE_CURVE('',#1193,#1194,#1441,.T.);
#815=EDGE_CURVE('',#1193,#1195,#1442,.T.);
#816=EDGE_CURVE('',#1195,#1196,#1443,.T.);
#817=EDGE_CURVE('',#1196,#1194,#1444,.T.);
#818=EDGE_CURVE('',#1197,#1198,#1445,.T.);
#819=EDGE_CURVE('',#1197,#1199,#1446,.T.);
#820=EDGE_CURVE('',#1199,#1200,#1447,.T.);
#821=EDGE_CURVE('',#1200,#1198,#1448,.T.);
#822=EDGE_CURVE('',#1201,#1202,#1449,.T.);
#823=EDGE_CURVE('',#1201,#1203,#1450,.T.);
#824=EDGE_CURVE('',#1203,#1204,#1451,.T.);
#825=EDGE_CURVE('',#1204,#1202,#1452,.T.);
#826=EDGE_CURVE('',#1205,#1206,#1453,.T.);
#827=EDGE_CURVE('',#1205,#1207,#1454,.T.);
#828=EDGE_CURVE('',#1207,#1208,#1455,.T.);
#829=EDGE_CURVE('',#1208,#1206,#1456,.T.);
#830=EDGE_CURVE('',#1209,#1210,#1457,.T.);
#831=EDGE_CURVE('',#1209,#1211,#1458,.T.);
#832=EDGE_CURVE('',#1211,#1212,#1459,.T.);
#833=EDGE_CURVE('',#1212,#1210,#1460,.T.);
#834=EDGE_CURVE('',#1213,#1214,#1461,.T.);
#835=EDGE_CURVE('',#1213,#1215,#1462,.T.);
#836=EDGE_CURVE('',#1215,#1216,#1463,.T.);
#837=EDGE_CURVE('',#1216,#1214,#1464,.T.);
#838=EDGE_CURVE('',#1217,#1218,#1465,.T.);
#839=EDGE_CURVE('',#1217,#1219,#1466,.T.);
#840=EDGE_CURVE('',#1219,#1220,#1467,.T.);
#841=EDGE_CURVE('',#1220,#1218,#1468,.T.);
#842=EDGE_CURVE('',#1221,#1222,#1469,.T.);
#843=EDGE_CURVE('',#1221,#1223,#1470,.T.);
#844=EDGE_CURVE('',#1224,#1223,#1471,.T.);
#845=EDGE_CURVE('',#1222,#1224,#1472,.T.);
#846=EDGE_CURVE('',#1225,#1226,#1473,.T.);
#847=EDGE_CURVE('',#1225,#1227,#1474,.T.);
#848=EDGE_CURVE('',#1228,#1227,#1475,.T.);
#849=EDGE_CURVE('',#1226,#1228,#1476,.T.);
#850=EDGE_CURVE('',#1229,#1230,#1477,.T.);
#851=EDGE_CURVE('',#1229,#1231,#1478,.T.);
#852=EDGE_CURVE('',#1232,#1231,#1479,.T.);
#853=EDGE_CURVE('',#1230,#1232,#1480,.T.);
#854=EDGE_CURVE('',#1233,#1234,#1481,.T.);
#855=EDGE_CURVE('',#1233,#1235,#1482,.T.);
#856=EDGE_CURVE('',#1236,#1235,#1483,.T.);
#857=EDGE_CURVE('',#1234,#1236,#1484,.T.);
#858=EDGE_CURVE('',#1237,#1238,#1485,.T.);
#859=EDGE_CURVE('',#1237,#1239,#1486,.T.);
#860=EDGE_CURVE('',#1240,#1239,#1487,.T.);
#861=EDGE_CURVE('',#1238,#1240,#1488,.T.);
#862=EDGE_CURVE('',#1241,#1242,#1489,.T.);
#863=EDGE_CURVE('',#1241,#1243,#1490,.T.);
#864=EDGE_CURVE('',#1244,#1243,#1491,.T.);
#865=EDGE_CURVE('',#1242,#1244,#1492,.T.);
#866=EDGE_CURVE('',#1245,#1246,#1493,.T.);
#867=EDGE_CURVE('',#1245,#1247,#1494,.T.);
#868=EDGE_CURVE('',#1248,#1247,#1495,.T.);
#869=EDGE_CURVE('',#1246,#1248,#1496,.T.);
#870=EDGE_CURVE('',#1249,#1250,#1497,.T.);
#871=EDGE_CURVE('',#1249,#1251,#1498,.T.);
#872=EDGE_CURVE('',#1252,#1251,#1499,.T.);
#873=EDGE_CURVE('',#1250,#1252,#1500,.T.);
#874=EDGE_CURVE('',#1253,#1254,#1501,.T.);
#875=EDGE_CURVE('',#1253,#1255,#1502,.T.);
#876=EDGE_CURVE('',#1256,#1255,#1503,.T.);
#877=EDGE_CURVE('',#1254,#1256,#1504,.T.);
#878=EDGE_CURVE('',#1257,#1258,#1505,.T.);
#879=EDGE_CURVE('',#1257,#1259,#1506,.T.);
#880=EDGE_CURVE('',#1260,#1259,#1507,.T.);
#881=EDGE_CURVE('',#1258,#1260,#1508,.T.);
#882=EDGE_CURVE('',#1261,#1262,#1509,.T.);
#883=EDGE_CURVE('',#1261,#1263,#1510,.T.);
#884=EDGE_CURVE('',#1263,#1264,#1511,.T.);
#885=EDGE_CURVE('',#1264,#1262,#1512,.T.);
#886=EDGE_CURVE('',#1265,#1266,#1513,.T.);
#887=EDGE_CURVE('',#1265,#1267,#1514,.T.);
#888=EDGE_CURVE('',#1267,#1268,#1515,.T.);
#889=EDGE_CURVE('',#1268,#1266,#1516,.T.);
#890=EDGE_CURVE('',#1269,#1270,#1517,.T.);
#891=EDGE_CURVE('',#1269,#1271,#1518,.T.);
#892=EDGE_CURVE('',#1272,#1271,#1519,.T.);
#893=EDGE_CURVE('',#1270,#1272,#1520,.T.);
#894=EDGE_CURVE('',#1273,#1274,#1521,.T.);
#895=EDGE_CURVE('',#1273,#1275,#1522,.T.);
#896=EDGE_CURVE('',#1275,#1276,#1523,.T.);
#897=EDGE_CURVE('',#1276,#1274,#1524,.T.);
#898=EDGE_CURVE('',#1277,#1278,#1525,.T.);
#899=EDGE_CURVE('',#1277,#1279,#1526,.T.);
#900=EDGE_CURVE('',#1279,#1280,#1527,.T.);
#901=EDGE_CURVE('',#1280,#1278,#1528,.T.);
#902=EDGE_CURVE('',#1281,#1282,#1529,.T.);
#903=EDGE_CURVE('',#1281,#1283,#1530,.T.);
#904=EDGE_CURVE('',#1283,#1284,#1531,.T.);
#905=EDGE_CURVE('',#1284,#1282,#1532,.T.);
#906=EDGE_CURVE('',#1285,#1286,#1533,.T.);
#907=EDGE_CURVE('',#1285,#1287,#1534,.T.);
#908=EDGE_CURVE('',#1287,#1288,#1535,.T.);
#909=EDGE_CURVE('',#1288,#1286,#1536,.T.);
#910=EDGE_CURVE('',#1289,#1290,#1537,.T.);
#911=EDGE_CURVE('',#1289,#1291,#1538,.T.);
#912=EDGE_CURVE('',#1291,#1292,#1539,.T.);
#913=EDGE_CURVE('',#1292,#1290,#1540,.T.);
#914=EDGE_CURVE('',#1293,#1294,#1541,.T.);
#915=EDGE_CURVE('',#1293,#1295,#1542,.T.);
#916=EDGE_CURVE('',#1296,#1295,#1543,.T.);
#917=EDGE_CURVE('',#1294,#1296,#1544,.T.);
#918=EDGE_CURVE('',#1297,#1298,#1545,.T.);
#919=EDGE_CURVE('',#1297,#1299,#1546,.T.);
#920=EDGE_CURVE('',#1300,#1299,#1547,.T.);
#921=EDGE_CURVE('',#1298,#1300,#1548,.T.);
#922=EDGE_CURVE('',#1301,#1302,#1549,.T.);
#923=EDGE_CURVE('',#1301,#1303,#1550,.T.);
#924=EDGE_CURVE('',#1304,#1303,#1551,.T.);
#925=EDGE_CURVE('',#1302,#1304,#1552,.T.);
#926=EDGE_CURVE('',#1305,#1306,#1553,.T.);
#927=EDGE_CURVE('',#1305,#1307,#1554,.T.);
#928=EDGE_CURVE('',#1308,#1307,#1555,.T.);
#929=EDGE_CURVE('',#1306,#1308,#1556,.T.);
#930=EDGE_CURVE('',#1309,#1310,#1557,.T.);
#931=EDGE_CURVE('',#1309,#1311,#1558,.T.);
#932=EDGE_CURVE('',#1311,#1312,#1559,.T.);
#933=EDGE_CURVE('',#1312,#1310,#1560,.T.);
#934=EDGE_CURVE('',#1313,#1314,#1561,.T.);
#935=EDGE_CURVE('',#1313,#1315,#1562,.T.);
#936=EDGE_CURVE('',#1316,#1315,#1563,.T.);
#937=EDGE_CURVE('',#1314,#1316,#1564,.T.);
#938=EDGE_CURVE('',#1317,#1318,#1565,.T.);
#939=EDGE_CURVE('',#1317,#1319,#1566,.T.);
#940=EDGE_CURVE('',#1320,#1319,#1567,.T.);
#941=EDGE_CURVE('',#1318,#1320,#1568,.T.);
#942=EDGE_CURVE('',#1321,#1322,#1569,.T.);
#943=EDGE_CURVE('',#1321,#1323,#1570,.T.);
#944=EDGE_CURVE('',#1324,#1323,#1571,.T.);
#945=EDGE_CURVE('',#1322,#1324,#1572,.T.);
#946=EDGE_CURVE('',#1325,#1326,#1573,.T.);
#947=EDGE_CURVE('',#1325,#1327,#1574,.T.);
#948=EDGE_CURVE('',#1328,#1327,#1575,.T.);
#949=EDGE_CURVE('',#1326,#1328,#1576,.T.);
#950=EDGE_CURVE('',#1329,#1330,#1577,.T.);
#951=EDGE_CURVE('',#1329,#1331,#1578,.T.);
#952=EDGE_CURVE('',#1331,#1332,#1579,.T.);
#953=EDGE_CURVE('',#1332,#1330,#1580,.T.);
#954=EDGE_CURVE('',#1333,#1334,#1581,.T.);
#955=EDGE_CURVE('',#1333,#1335,#1582,.T.);
#956=EDGE_CURVE('',#1335,#1336,#1583,.T.);
#957=EDGE_CURVE('',#1336,#1334,#1584,.T.);
#958=EDGE_CURVE('',#1337,#1338,#1585,.T.);
#959=EDGE_CURVE('',#1337,#1339,#1586,.T.);
#960=EDGE_CURVE('',#1339,#1340,#1587,.T.);
#961=EDGE_CURVE('',#1340,#1338,#1588,.T.);
#962=EDGE_CURVE('',#1341,#1342,#1589,.T.);
#963=EDGE_CURVE('',#1341,#1343,#1590,.T.);
#964=EDGE_CURVE('',#1343,#1344,#1591,.T.);
#965=EDGE_CURVE('',#1344,#1342,#1592,.T.);
#966=EDGE_CURVE('',#1345,#1346,#1593,.T.);
#967=EDGE_CURVE('',#1345,#1347,#1594,.T.);
#968=EDGE_CURVE('',#1347,#1348,#1595,.T.);
#969=EDGE_CURVE('',#1348,#1346,#1596,.T.);
#970=EDGE_CURVE('',#1349,#1350,#1597,.T.);
#971=EDGE_CURVE('',#1349,#1351,#1598,.T.);
#972=EDGE_CURVE('',#1351,#1352,#1599,.T.);
#973=EDGE_CURVE('',#1350,#1352,#1600,.T.);
#974=EDGE_CURVE('',#1353,#1354,#1601,.T.);
#975=EDGE_CURVE('',#1353,#1355,#1602,.T.);
#976=EDGE_CURVE('',#1356,#1355,#1603,.T.);
#977=EDGE_CURVE('',#1354,#1356,#1604,.T.);
#978=EDGE_CURVE('',#1357,#1358,#1605,.T.);
#979=EDGE_CURVE('',#1357,#1359,#1606,.F.);
#980=EDGE_CURVE('',#1359,#1360,#1607,.T.);
#981=EDGE_CURVE('',#1360,#1361,#1608,.T.);
#982=EDGE_CURVE('',#1361,#1309,#1609,.T.);
#983=EDGE_CURVE('',#1310,#1362,#1610,.T.);
#984=EDGE_CURVE('',#1363,#1362,#1611,.T.);
#985=EDGE_CURVE('',#1363,#1364,#1612,.T.);
#986=EDGE_CURVE('',#1365,#1364,#1613,.T.);
#987=EDGE_CURVE('',#1366,#1365,#1614,.T.);
#988=EDGE_CURVE('',#1366,#1358,#1615,.F.);
#989=EDGE_CURVE('',#1367,#1368,#1616,.T.);
#990=EDGE_CURVE('',#1367,#1369,#1617,.T.);
#991=EDGE_CURVE('',#1369,#1370,#1618,.T.);
#992=EDGE_CURVE('',#1368,#1370,#1619,.T.);
#993=EDGE_CURVE('',#1371,#1372,#1620,.F.);
#994=EDGE_CURVE('',#1372,#1373,#1621,.F.);
#995=EDGE_CURVE('',#1373,#1374,#1622,.F.);
#996=EDGE_CURVE('',#1374,#1371,#1623,.T.);
#997=EDGE_CURVE('',#1375,#1376,#1624,.T.);
#998=EDGE_CURVE('',#1375,#1377,#1625,.T.);
#999=EDGE_CURVE('',#1377,#1378,#1626,.T.);
#1000=EDGE_CURVE('',#1376,#1378,#1627,.T.);
#1001=EDGE_CURVE('',#1379,#1380,#1628,.T.);
#1002=EDGE_CURVE('',#1379,#1381,#1629,.F.);
#1003=EDGE_CURVE('',#1381,#1382,#1630,.F.);
#1004=EDGE_CURVE('',#1382,#1380,#1631,.F.);
#1005=EDGE_CURVE('',#1383,#1384,#1632,.F.);
#1006=EDGE_CURVE('',#1383,#1385,#16,.F.);
#1007=EDGE_CURVE('',#1385,#1386,#1633,.T.);
#1008=EDGE_CURVE('',#1380,#1386,#17,.F.);
#1009=EDGE_CURVE('',#1382,#1387,#18,.F.);
#1010=EDGE_CURVE('',#1388,#1387,#1634,.T.);
#1011=EDGE_CURVE('',#1384,#1388,#19,.T.);
#1012=EDGE_CURVE('',#1358,#1384,#1635,.T.);
#1013=EDGE_CURVE('',#1388,#1389,#1636,.T.);
#1014=EDGE_CURVE('',#1389,#1371,#20,.T.);
#1015=EDGE_CURVE('',#1374,#1185,#21,.T.);
#1016=EDGE_CURVE('',#1188,#1390,#22,.T.);
#1017=EDGE_CURVE('',#1357,#1390,#1637,.T.);
#1018=EDGE_CURVE('',#1391,#1387,#23,.T.);
#1019=EDGE_CURVE('',#1392,#1391,#1638,.T.);
#1020=EDGE_CURVE('',#1392,#1393,#24,.T.);
#1021=EDGE_CURVE('',#1387,#1393,#1639,.F.);
#1022=EDGE_CURVE('',#1392,#1372,#25,.T.);
#1023=EDGE_CURVE('',#1393,#1372,#26,.F.);
#1024=EDGE_CURVE('',#1394,#1392,#1640,.T.);
#1025=EDGE_CURVE('',#1394,#1373,#27,.T.);
#1026=EDGE_CURVE('',#1394,#1186,#28,.T.);
#1027=EDGE_CURVE('',#1373,#1186,#29,.F.);
#1028=EDGE_CURVE('',#1395,#1394,#1641,.T.);
#1029=EDGE_CURVE('',#1395,#1187,#30,.T.);
#1030=EDGE_CURVE('',#1395,#1381,#31,.T.);
#1031=EDGE_CURVE('',#1187,#1381,#32,.F.);
#1032=EDGE_CURVE('',#1391,#1395,#1642,.T.);
#1033=EDGE_CURVE('',#1391,#1382,#33,.T.);
#1034=EDGE_CURVE('',#1393,#1389,#1643,.T.);
#1035=EDGE_CURVE('',#1396,#1397,#34,.F.);
#1036=EDGE_CURVE('',#1390,#1396,#1644,.F.);
#1037=EDGE_CURVE('',#1398,#1379,#35,.F.);
#1038=EDGE_CURVE('',#1397,#1398,#1645,.T.);
#1039=EDGE_CURVE('',#1399,#1311,#1646,.T.);
#1040=EDGE_CURVE('',#1399,#1400,#1647,.T.);
#1041=EDGE_CURVE('',#1312,#1400,#1648,.T.);
#1042=EDGE_CURVE('',#1363,#1399,#1649,.T.);
#1043=EDGE_CURVE('',#1400,#1362,#1650,.T.);
#1044=EDGE_CURVE('',#1401,#1402,#1651,.T.);
#1045=EDGE_CURVE('',#1402,#1403,#1652,.T.);
#1046=EDGE_CURVE('',#1404,#1403,#1653,.T.);
#1047=EDGE_CURVE('',#1401,#1404,#1654,.T.);
#1048=EDGE_CURVE('',#1404,#1405,#1655,.T.);
#1049=EDGE_CURVE('',#1406,#1405,#1656,.T.);
#1050=EDGE_CURVE('',#1407,#1406,#1657,.T.);
#1051=EDGE_CURVE('',#1407,#1401,#1658,.T.);
#1052=EDGE_CURVE('',#1408,#1409,#1659,.T.);
#1053=EDGE_CURVE('',#1410,#1408,#1660,.T.);
#1054=EDGE_CURVE('',#1410,#1406,#1661,.T.);
#1055=EDGE_CURVE('',#1409,#1405,#1662,.T.);
#1056=EDGE_CURVE('',#1411,#1402,#1663,.T.);
#1057=EDGE_CURVE('',#1412,#1411,#1664,.T.);
#1058=EDGE_CURVE('',#1413,#1412,#1665,.T.);
#1059=EDGE_CURVE('',#1413,#1414,#1666,.T.);
#1060=EDGE_CURVE('',#1408,#1414,#1667,.T.);
#1061=EDGE_CURVE('',#1409,#1403,#1668,.T.);
#1062=EDGE_CURVE('',#1415,#1401,#1669,.T.);
#1063=EDGE_CURVE('',#1416,#1415,#1670,.T.);
#1064=EDGE_CURVE('',#1417,#1416,#1671,.T.);
#1065=EDGE_CURVE('',#1418,#1417,#1672,.T.);
#1066=EDGE_CURVE('',#1418,#1419,#1673,.T.);
#1067=EDGE_CURVE('',#1419,#1408,#1674,.T.);
#1068=EDGE_CURVE('',#1420,#1414,#1675,.T.);
#1069=EDGE_CURVE('',#1421,#1420,#1676,.T.);
#1070=EDGE_CURVE('',#1421,#1411,#1677,.T.);
#1071=EDGE_CURVE('',#1364,#1386,#1678,.T.);
#1072=EDGE_CURVE('',#1361,#1398,#1679,.T.);
#1073=EDGE_CURVE('',#1366,#1383,#1680,.T.);
#1074=EDGE_CURVE('',#1365,#1385,#1681,.T.);
#1075=EDGE_CURVE('',#1359,#1396,#1682,.T.);
#1076=EDGE_CURVE('',#1360,#1397,#1683,.T.);
#1077=EDGE_CURVE('',#1368,#1377,#1684,.T.);
#1078=EDGE_CURVE('',#1367,#1375,#1685,.T.);
#1079=EDGE_CURVE('',#1369,#1376,#1686,.T.);
#1080=EDGE_CURVE('',#1370,#1378,#1687,.T.);
#1081=EDGE_CURVE('',#1422,#1420,#1688,.T.);
#1082=EDGE_CURVE('',#1413,#1422,#1689,.T.);
#1083=EDGE_CURVE('',#1423,#1421,#1690,.T.);
#1084=EDGE_CURVE('',#1412,#1423,#1691,.T.);
#1085=EDGE_CURVE('',#1422,#1423,#1692,.T.);
#1086=EDGE_CURVE('',#1424,#1417,#1693,.T.);
#1087=EDGE_CURVE('',#1425,#1416,#1694,.T.);
#1088=EDGE_CURVE('',#1425,#1424,#1695,.T.);
#1089=EDGE_CURVE('',#1426,#1415,#1696,.T.);
#1090=EDGE_CURVE('',#1426,#1425,#1697,.T.);
#1091=EDGE_CURVE('',#1407,#1426,#1698,.T.);
#1092=EDGE_CURVE('',#1427,#1419,#1699,.T.);
#1093=EDGE_CURVE('',#1410,#1427,#1700,.T.);
#1094=EDGE_CURVE('',#1428,#1418,#1701,.T.);
#1095=EDGE_CURVE('',#1427,#1428,#1702,.T.);
#1096=EDGE_CURVE('',#1424,#1428,#1703,.T.);
#1097=EDGE_CURVE('',#1305,#1189,#1704,.T.);
#1098=EDGE_CURVE('',#1306,#1191,#1705,.T.);
#1099=EDGE_CURVE('',#1307,#1190,#1706,.T.);
#1100=EDGE_CURVE('',#1308,#1192,#1707,.T.);
#1101=EDGE_CURVE('',#1313,#1193,#1708,.T.);
#1102=EDGE_CURVE('',#1314,#1195,#1709,.T.);
#1103=EDGE_CURVE('',#1315,#1194,#1710,.T.);
#1104=EDGE_CURVE('',#1316,#1196,#1711,.T.);
#1105=EDGE_CURVE('',#1301,#1197,#1712,.T.);
#1106=EDGE_CURVE('',#1302,#1199,#1713,.T.);
#1107=EDGE_CURVE('',#1303,#1198,#1714,.T.);
#1108=EDGE_CURVE('',#1304,#1200,#1715,.T.);
#1109=EDGE_CURVE('',#1317,#1201,#1716,.T.);
#1110=EDGE_CURVE('',#1318,#1203,#1717,.T.);
#1111=EDGE_CURVE('',#1319,#1202,#1718,.T.);
#1112=EDGE_CURVE('',#1320,#1204,#1719,.T.);
#1113=EDGE_CURVE('',#1297,#1205,#1720,.T.);
#1114=EDGE_CURVE('',#1298,#1207,#1721,.T.);
#1115=EDGE_CURVE('',#1299,#1206,#1722,.T.);
#1116=EDGE_CURVE('',#1300,#1208,#1723,.T.);
#1117=EDGE_CURVE('',#1321,#1209,#1724,.T.);
#1118=EDGE_CURVE('',#1322,#1211,#1725,.T.);
#1119=EDGE_CURVE('',#1323,#1210,#1726,.T.);
#1120=EDGE_CURVE('',#1324,#1212,#1727,.T.);
#1121=EDGE_CURVE('',#1293,#1213,#1728,.T.);
#1122=EDGE_CURVE('',#1294,#1215,#1729,.T.);
#1123=EDGE_CURVE('',#1295,#1214,#1730,.T.);
#1124=EDGE_CURVE('',#1296,#1216,#1731,.T.);
#1125=EDGE_CURVE('',#1325,#1217,#1732,.T.);
#1126=EDGE_CURVE('',#1326,#1219,#1733,.T.);
#1127=EDGE_CURVE('',#1327,#1218,#1734,.T.);
#1128=EDGE_CURVE('',#1328,#1220,#1735,.T.);
#1129=EDGE_CURVE('',#1289,#1221,#1736,.T.);
#1130=EDGE_CURVE('',#1290,#1223,#1737,.T.);
#1131=EDGE_CURVE('',#1291,#1222,#1738,.T.);
#1132=EDGE_CURVE('',#1292,#1224,#1739,.T.);
#1133=EDGE_CURVE('',#1329,#1225,#1740,.T.);
#1134=EDGE_CURVE('',#1330,#1227,#1741,.T.);
#1135=EDGE_CURVE('',#1331,#1226,#1742,.T.);
#1136=EDGE_CURVE('',#1332,#1228,#1743,.T.);
#1137=EDGE_CURVE('',#1285,#1229,#1744,.T.);
#1138=EDGE_CURVE('',#1286,#1231,#1745,.T.);
#1139=EDGE_CURVE('',#1287,#1230,#1746,.T.);
#1140=EDGE_CURVE('',#1288,#1232,#1747,.T.);
#1141=EDGE_CURVE('',#1333,#1233,#1748,.T.);
#1142=EDGE_CURVE('',#1334,#1235,#1749,.T.);
#1143=EDGE_CURVE('',#1335,#1234,#1750,.T.);
#1144=EDGE_CURVE('',#1336,#1236,#1751,.T.);
#1145=EDGE_CURVE('',#1281,#1237,#1752,.T.);
#1146=EDGE_CURVE('',#1282,#1239,#1753,.T.);
#1147=EDGE_CURVE('',#1283,#1238,#1754,.T.);
#1148=EDGE_CURVE('',#1284,#1240,#1755,.T.);
#1149=EDGE_CURVE('',#1337,#1241,#1756,.T.);
#1150=EDGE_CURVE('',#1338,#1243,#1757,.T.);
#1151=EDGE_CURVE('',#1339,#1242,#1758,.T.);
#1152=EDGE_CURVE('',#1340,#1244,#1759,.T.);
#1153=EDGE_CURVE('',#1277,#1245,#1760,.T.);
#1154=EDGE_CURVE('',#1278,#1247,#1761,.T.);
#1155=EDGE_CURVE('',#1279,#1246,#1762,.T.);
#1156=EDGE_CURVE('',#1280,#1248,#1763,.T.);
#1157=EDGE_CURVE('',#1341,#1249,#1764,.T.);
#1158=EDGE_CURVE('',#1342,#1251,#1765,.T.);
#1159=EDGE_CURVE('',#1343,#1250,#1766,.T.);
#1160=EDGE_CURVE('',#1344,#1252,#1767,.T.);
#1161=EDGE_CURVE('',#1273,#1253,#1768,.T.);
#1162=EDGE_CURVE('',#1274,#1255,#1769,.T.);
#1163=EDGE_CURVE('',#1275,#1254,#1770,.T.);
#1164=EDGE_CURVE('',#1276,#1256,#1771,.T.);
#1165=EDGE_CURVE('',#1345,#1257,#1772,.T.);
#1166=EDGE_CURVE('',#1346,#1259,#1773,.T.);
#1167=EDGE_CURVE('',#1347,#1258,#1774,.T.);
#1168=EDGE_CURVE('',#1348,#1260,#1775,.T.);
#1169=EDGE_CURVE('',#1269,#1261,#1776,.T.);
#1170=EDGE_CURVE('',#1270,#1263,#1777,.T.);
#1171=EDGE_CURVE('',#1271,#1262,#1778,.T.);
#1172=EDGE_CURVE('',#1272,#1264,#1779,.T.);
#1173=EDGE_CURVE('',#1351,#1182,#1780,.T.);
#1174=EDGE_CURVE('',#1349,#1181,#1781,.T.);
#1175=EDGE_CURVE('',#1352,#1184,#1782,.T.);
#1176=EDGE_CURVE('',#1350,#1183,#1783,.T.);
#1177=EDGE_CURVE('',#1353,#1265,#1784,.T.);
#1178=EDGE_CURVE('',#1354,#1267,#1785,.T.);
#1179=EDGE_CURVE('',#1355,#1266,#1786,.T.);
#1180=EDGE_CURVE('',#1356,#1268,#1787,.T.);
#1181=VERTEX_POINT('',#3595);
#1182=VERTEX_POINT('',#3596);
#1183=VERTEX_POINT('',#3598);
#1184=VERTEX_POINT('',#3600);
#1185=VERTEX_POINT('',#3603);
#1186=VERTEX_POINT('',#3604);
#1187=VERTEX_POINT('',#3606);
#1188=VERTEX_POINT('',#3608);
#1189=VERTEX_POINT('',#3611);
#1190=VERTEX_POINT('',#3612);
#1191=VERTEX_POINT('',#3614);
#1192=VERTEX_POINT('',#3616);
#1193=VERTEX_POINT('',#3619);
#1194=VERTEX_POINT('',#3620);
#1195=VERTEX_POINT('',#3622);
#1196=VERTEX_POINT('',#3624);
#1197=VERTEX_POINT('',#3627);
#1198=VERTEX_POINT('',#3628);
#1199=VERTEX_POINT('',#3630);
#1200=VERTEX_POINT('',#3632);
#1201=VERTEX_POINT('',#3635);
#1202=VERTEX_POINT('',#3636);
#1203=VERTEX_POINT('',#3638);
#1204=VERTEX_POINT('',#3640);
#1205=VERTEX_POINT('',#3643);
#1206=VERTEX_POINT('',#3644);
#1207=VERTEX_POINT('',#3646);
#1208=VERTEX_POINT('',#3648);
#1209=VERTEX_POINT('',#3651);
#1210=VERTEX_POINT('',#3652);
#1211=VERTEX_POINT('',#3654);
#1212=VERTEX_POINT('',#3656);
#1213=VERTEX_POINT('',#3659);
#1214=VERTEX_POINT('',#3660);
#1215=VERTEX_POINT('',#3662);
#1216=VERTEX_POINT('',#3664);
#1217=VERTEX_POINT('',#3667);
#1218=VERTEX_POINT('',#3668);
#1219=VERTEX_POINT('',#3670);
#1220=VERTEX_POINT('',#3672);
#1221=VERTEX_POINT('',#3675);
#1222=VERTEX_POINT('',#3676);
#1223=VERTEX_POINT('',#3678);
#1224=VERTEX_POINT('',#3680);
#1225=VERTEX_POINT('',#3683);
#1226=VERTEX_POINT('',#3684);
#1227=VERTEX_POINT('',#3686);
#1228=VERTEX_POINT('',#3688);
#1229=VERTEX_POINT('',#3691);
#1230=VERTEX_POINT('',#3692);
#1231=VERTEX_POINT('',#3694);
#1232=VERTEX_POINT('',#3696);
#1233=VERTEX_POINT('',#3699);
#1234=VERTEX_POINT('',#3700);
#1235=VERTEX_POINT('',#3702);
#1236=VERTEX_POINT('',#3704);
#1237=VERTEX_POINT('',#3707);
#1238=VERTEX_POINT('',#3708);
#1239=VERTEX_POINT('',#3710);
#1240=VERTEX_POINT('',#3712);
#1241=VERTEX_POINT('',#3715);
#1242=VERTEX_POINT('',#3716);
#1243=VERTEX_POINT('',#3718);
#1244=VERTEX_POINT('',#3720);
#1245=VERTEX_POINT('',#3723);
#1246=VERTEX_POINT('',#3724);
#1247=VERTEX_POINT('',#3726);
#1248=VERTEX_POINT('',#3728);
#1249=VERTEX_POINT('',#3731);
#1250=VERTEX_POINT('',#3732);
#1251=VERTEX_POINT('',#3734);
#1252=VERTEX_POINT('',#3736);
#1253=VERTEX_POINT('',#3739);
#1254=VERTEX_POINT('',#3740);
#1255=VERTEX_POINT('',#3742);
#1256=VERTEX_POINT('',#3744);
#1257=VERTEX_POINT('',#3747);
#1258=VERTEX_POINT('',#3748);
#1259=VERTEX_POINT('',#3750);
#1260=VERTEX_POINT('',#3752);
#1261=VERTEX_POINT('',#3755);
#1262=VERTEX_POINT('',#3756);
#1263=VERTEX_POINT('',#3758);
#1264=VERTEX_POINT('',#3760);
#1265=VERTEX_POINT('',#3763);
#1266=VERTEX_POINT('',#3764);
#1267=VERTEX_POINT('',#3766);
#1268=VERTEX_POINT('',#3768);
#1269=VERTEX_POINT('',#3772);
#1270=VERTEX_POINT('',#3773);
#1271=VERTEX_POINT('',#3775);
#1272=VERTEX_POINT('',#3777);
#1273=VERTEX_POINT('',#3780);
#1274=VERTEX_POINT('',#3781);
#1275=VERTEX_POINT('',#3783);
#1276=VERTEX_POINT('',#3785);
#1277=VERTEX_POINT('',#3788);
#1278=VERTEX_POINT('',#3789);
#1279=VERTEX_POINT('',#3791);
#1280=VERTEX_POINT('',#3793);
#1281=VERTEX_POINT('',#3796);
#1282=VERTEX_POINT('',#3797);
#1283=VERTEX_POINT('',#3799);
#1284=VERTEX_POINT('',#3801);
#1285=VERTEX_POINT('',#3804);
#1286=VERTEX_POINT('',#3805);
#1287=VERTEX_POINT('',#3807);
#1288=VERTEX_POINT('',#3809);
#1289=VERTEX_POINT('',#3812);
#1290=VERTEX_POINT('',#3813);
#1291=VERTEX_POINT('',#3815);
#1292=VERTEX_POINT('',#3817);
#1293=VERTEX_POINT('',#3820);
#1294=VERTEX_POINT('',#3821);
#1295=VERTEX_POINT('',#3823);
#1296=VERTEX_POINT('',#3825);
#1297=VERTEX_POINT('',#3828);
#1298=VERTEX_POINT('',#3829);
#1299=VERTEX_POINT('',#3831);
#1300=VERTEX_POINT('',#3833);
#1301=VERTEX_POINT('',#3836);
#1302=VERTEX_POINT('',#3837);
#1303=VERTEX_POINT('',#3839);
#1304=VERTEX_POINT('',#3841);
#1305=VERTEX_POINT('',#3844);
#1306=VERTEX_POINT('',#3845);
#1307=VERTEX_POINT('',#3847);
#1308=VERTEX_POINT('',#3849);
#1309=VERTEX_POINT('',#3852);
#1310=VERTEX_POINT('',#3853);
#1311=VERTEX_POINT('',#3855);
#1312=VERTEX_POINT('',#3857);
#1313=VERTEX_POINT('',#3860);
#1314=VERTEX_POINT('',#3861);
#1315=VERTEX_POINT('',#3863);
#1316=VERTEX_POINT('',#3865);
#1317=VERTEX_POINT('',#3868);
#1318=VERTEX_POINT('',#3869);
#1319=VERTEX_POINT('',#3871);
#1320=VERTEX_POINT('',#3873);
#1321=VERTEX_POINT('',#3876);
#1322=VERTEX_POINT('',#3877);
#1323=VERTEX_POINT('',#3879);
#1324=VERTEX_POINT('',#3881);
#1325=VERTEX_POINT('',#3884);
#1326=VERTEX_POINT('',#3885);
#1327=VERTEX_POINT('',#3887);
#1328=VERTEX_POINT('',#3889);
#1329=VERTEX_POINT('',#3892);
#1330=VERTEX_POINT('',#3893);
#1331=VERTEX_POINT('',#3895);
#1332=VERTEX_POINT('',#3897);
#1333=VERTEX_POINT('',#3900);
#1334=VERTEX_POINT('',#3901);
#1335=VERTEX_POINT('',#3903);
#1336=VERTEX_POINT('',#3905);
#1337=VERTEX_POINT('',#3908);
#1338=VERTEX_POINT('',#3909);
#1339=VERTEX_POINT('',#3911);
#1340=VERTEX_POINT('',#3913);
#1341=VERTEX_POINT('',#3916);
#1342=VERTEX_POINT('',#3917);
#1343=VERTEX_POINT('',#3919);
#1344=VERTEX_POINT('',#3921);
#1345=VERTEX_POINT('',#3924);
#1346=VERTEX_POINT('',#3925);
#1347=VERTEX_POINT('',#3927);
#1348=VERTEX_POINT('',#3929);
#1349=VERTEX_POINT('',#3932);
#1350=VERTEX_POINT('',#3933);
#1351=VERTEX_POINT('',#3935);
#1352=VERTEX_POINT('',#3937);
#1353=VERTEX_POINT('',#3940);
#1354=VERTEX_POINT('',#3941);
#1355=VERTEX_POINT('',#3943);
#1356=VERTEX_POINT('',#3945);
#1357=VERTEX_POINT('',#3949);
#1358=VERTEX_POINT('',#3950);
#1359=VERTEX_POINT('',#3952);
#1360=VERTEX_POINT('',#3954);
#1361=VERTEX_POINT('',#3956);
#1362=VERTEX_POINT('',#3959);
#1363=VERTEX_POINT('',#3961);
#1364=VERTEX_POINT('',#3963);
#1365=VERTEX_POINT('',#3965);
#1366=VERTEX_POINT('',#3967);
#1367=VERTEX_POINT('',#3970);
#1368=VERTEX_POINT('',#3971);
#1369=VERTEX_POINT('',#3973);
#1370=VERTEX_POINT('',#3975);
#1371=VERTEX_POINT('',#3979);
#1372=VERTEX_POINT('',#3980);
#1373=VERTEX_POINT('',#3982);
#1374=VERTEX_POINT('',#3984);
#1375=VERTEX_POINT('',#3987);
#1376=VERTEX_POINT('',#3988);
#1377=VERTEX_POINT('',#3990);
#1378=VERTEX_POINT('',#3992);
#1379=VERTEX_POINT('',#3996);
#1380=VERTEX_POINT('',#3997);
#1381=VERTEX_POINT('',#3999);
#1382=VERTEX_POINT('',#4001);
#1383=VERTEX_POINT('',#4005);
#1384=VERTEX_POINT('',#4006);
#1385=VERTEX_POINT('',#4008);
#1386=VERTEX_POINT('',#4010);
#1387=VERTEX_POINT('',#4013);
#1388=VERTEX_POINT('',#4015);
#1389=VERTEX_POINT('',#4020);
#1390=VERTEX_POINT('',#4024);
#1391=VERTEX_POINT('',#4028);
#1392=VERTEX_POINT('',#4030);
#1393=VERTEX_POINT('',#4032);
#1394=VERTEX_POINT('',#4039);
#1395=VERTEX_POINT('',#4046);
#1396=VERTEX_POINT('',#4059);
#1397=VERTEX_POINT('',#4060);
#1398=VERTEX_POINT('',#4063);
#1399=VERTEX_POINT('',#4069);
#1400=VERTEX_POINT('',#4071);
#1401=VERTEX_POINT('',#4078);
#1402=VERTEX_POINT('',#4079);
#1403=VERTEX_POINT('',#4081);
#1404=VERTEX_POINT('',#4083);
#1405=VERTEX_POINT('',#4087);
#1406=VERTEX_POINT('',#4089);
#1407=VERTEX_POINT('',#4091);
#1408=VERTEX_POINT('',#4095);
#1409=VERTEX_POINT('',#4096);
#1410=VERTEX_POINT('',#4098);
#1411=VERTEX_POINT('',#4103);
#1412=VERTEX_POINT('',#4105);
#1413=VERTEX_POINT('',#4107);
#1414=VERTEX_POINT('',#4109);
#1415=VERTEX_POINT('',#4114);
#1416=VERTEX_POINT('',#4116);
#1417=VERTEX_POINT('',#4118);
#1418=VERTEX_POINT('',#4120);
#1419=VERTEX_POINT('',#4122);
#1420=VERTEX_POINT('',#4125);
#1421=VERTEX_POINT('',#4127);
#1422=VERTEX_POINT('',#4153);
#1423=VERTEX_POINT('',#4157);
#1424=VERTEX_POINT('',#4164);
#1425=VERTEX_POINT('',#4166);
#1426=VERTEX_POINT('',#4170);
#1427=VERTEX_POINT('',#4176);
#1428=VERTEX_POINT('',#4180);
#1429=LINE('',#3594,#1788);
#1430=LINE('',#3597,#1789);
#1431=LINE('',#3599,#1790);
#1432=LINE('',#3601,#1791);
#1433=LINE('',#3602,#1792);
#1434=LINE('',#3605,#1793);
#1435=LINE('',#3607,#1794);
#1436=LINE('',#3609,#1795);
#1437=LINE('',#3610,#1796);
#1438=LINE('',#3613,#1797);
#1439=LINE('',#3615,#1798);
#1440=LINE('',#3617,#1799);
#1441=LINE('',#3618,#1800);
#1442=LINE('',#3621,#1801);
#1443=LINE('',#3623,#1802);
#1444=LINE('',#3625,#1803);
#1445=LINE('',#3626,#1804);
#1446=LINE('',#3629,#1805);
#1447=LINE('',#3631,#1806);
#1448=LINE('',#3633,#1807);
#1449=LINE('',#3634,#1808);
#1450=LINE('',#3637,#1809);
#1451=LINE('',#3639,#1810);
#1452=LINE('',#3641,#1811);
#1453=LINE('',#3642,#1812);
#1454=LINE('',#3645,#1813);
#1455=LINE('',#3647,#1814);
#1456=LINE('',#3649,#1815);
#1457=LINE('',#3650,#1816);
#1458=LINE('',#3653,#1817);
#1459=LINE('',#3655,#1818);
#1460=LINE('',#3657,#1819);
#1461=LINE('',#3658,#1820);
#1462=LINE('',#3661,#1821);
#1463=LINE('',#3663,#1822);
#1464=LINE('',#3665,#1823);
#1465=LINE('',#3666,#1824);
#1466=LINE('',#3669,#1825);
#1467=LINE('',#3671,#1826);
#1468=LINE('',#3673,#1827);
#1469=LINE('',#3674,#1828);
#1470=LINE('',#3677,#1829);
#1471=LINE('',#3679,#1830);
#1472=LINE('',#3681,#1831);
#1473=LINE('',#3682,#1832);
#1474=LINE('',#3685,#1833);
#1475=LINE('',#3687,#1834);
#1476=LINE('',#3689,#1835);
#1477=LINE('',#3690,#1836);
#1478=LINE('',#3693,#1837);
#1479=LINE('',#3695,#1838);
#1480=LINE('',#3697,#1839);
#1481=LINE('',#3698,#1840);
#1482=LINE('',#3701,#1841);
#1483=LINE('',#3703,#1842);
#1484=LINE('',#3705,#1843);
#1485=LINE('',#3706,#1844);
#1486=LINE('',#3709,#1845);
#1487=LINE('',#3711,#1846);
#1488=LINE('',#3713,#1847);
#1489=LINE('',#3714,#1848);
#1490=LINE('',#3717,#1849);
#1491=LINE('',#3719,#1850);
#1492=LINE('',#3721,#1851);
#1493=LINE('',#3722,#1852);
#1494=LINE('',#3725,#1853);
#1495=LINE('',#3727,#1854);
#1496=LINE('',#3729,#1855);
#1497=LINE('',#3730,#1856);
#1498=LINE('',#3733,#1857);
#1499=LINE('',#3735,#1858);
#1500=LINE('',#3737,#1859);
#1501=LINE('',#3738,#1860);
#1502=LINE('',#3741,#1861);
#1503=LINE('',#3743,#1862);
#1504=LINE('',#3745,#1863);
#1505=LINE('',#3746,#1864);
#1506=LINE('',#3749,#1865);
#1507=LINE('',#3751,#1866);
#1508=LINE('',#3753,#1867);
#1509=LINE('',#3754,#1868);
#1510=LINE('',#3757,#1869);
#1511=LINE('',#3759,#1870);
#1512=LINE('',#3761,#1871);
#1513=LINE('',#3762,#1872);
#1514=LINE('',#3765,#1873);
#1515=LINE('',#3767,#1874);
#1516=LINE('',#3769,#1875);
#1517=LINE('',#3771,#1876);
#1518=LINE('',#3774,#1877);
#1519=LINE('',#3776,#1878);
#1520=LINE('',#3778,#1879);
#1521=LINE('',#3779,#1880);
#1522=LINE('',#3782,#1881);
#1523=LINE('',#3784,#1882);
#1524=LINE('',#3786,#1883);
#1525=LINE('',#3787,#1884);
#1526=LINE('',#3790,#1885);
#1527=LINE('',#3792,#1886);
#1528=LINE('',#3794,#1887);
#1529=LINE('',#3795,#1888);
#1530=LINE('',#3798,#1889);
#1531=LINE('',#3800,#1890);
#1532=LINE('',#3802,#1891);
#1533=LINE('',#3803,#1892);
#1534=LINE('',#3806,#1893);
#1535=LINE('',#3808,#1894);
#1536=LINE('',#3810,#1895);
#1537=LINE('',#3811,#1896);
#1538=LINE('',#3814,#1897);
#1539=LINE('',#3816,#1898);
#1540=LINE('',#3818,#1899);
#1541=LINE('',#3819,#1900);
#1542=LINE('',#3822,#1901);
#1543=LINE('',#3824,#1902);
#1544=LINE('',#3826,#1903);
#1545=LINE('',#3827,#1904);
#1546=LINE('',#3830,#1905);
#1547=LINE('',#3832,#1906);
#1548=LINE('',#3834,#1907);
#1549=LINE('',#3835,#1908);
#1550=LINE('',#3838,#1909);
#1551=LINE('',#3840,#1910);
#1552=LINE('',#3842,#1911);
#1553=LINE('',#3843,#1912);
#1554=LINE('',#3846,#1913);
#1555=LINE('',#3848,#1914);
#1556=LINE('',#3850,#1915);
#1557=LINE('',#3851,#1916);
#1558=LINE('',#3854,#1917);
#1559=LINE('',#3856,#1918);
#1560=LINE('',#3858,#1919);
#1561=LINE('',#3859,#1920);
#1562=LINE('',#3862,#1921);
#1563=LINE('',#3864,#1922);
#1564=LINE('',#3866,#1923);
#1565=LINE('',#3867,#1924);
#1566=LINE('',#3870,#1925);
#1567=LINE('',#3872,#1926);
#1568=LINE('',#3874,#1927);
#1569=LINE('',#3875,#1928);
#1570=LINE('',#3878,#1929);
#1571=LINE('',#3880,#1930);
#1572=LINE('',#3882,#1931);
#1573=LINE('',#3883,#1932);
#1574=LINE('',#3886,#1933);
#1575=LINE('',#3888,#1934);
#1576=LINE('',#3890,#1935);
#1577=LINE('',#3891,#1936);
#1578=LINE('',#3894,#1937);
#1579=LINE('',#3896,#1938);
#1580=LINE('',#3898,#1939);
#1581=LINE('',#3899,#1940);
#1582=LINE('',#3902,#1941);
#1583=LINE('',#3904,#1942);
#1584=LINE('',#3906,#1943);
#1585=LINE('',#3907,#1944);
#1586=LINE('',#3910,#1945);
#1587=LINE('',#3912,#1946);
#1588=LINE('',#3914,#1947);
#1589=LINE('',#3915,#1948);
#1590=LINE('',#3918,#1949);
#1591=LINE('',#3920,#1950);
#1592=LINE('',#3922,#1951);
#1593=LINE('',#3923,#1952);
#1594=LINE('',#3926,#1953);
#1595=LINE('',#3928,#1954);
#1596=LINE('',#3930,#1955);
#1597=LINE('',#3931,#1956);
#1598=LINE('',#3934,#1957);
#1599=LINE('',#3936,#1958);
#1600=LINE('',#3938,#1959);
#1601=LINE('',#3939,#1960);
#1602=LINE('',#3942,#1961);
#1603=LINE('',#3944,#1962);
#1604=LINE('',#3946,#1963);
#1605=LINE('',#3948,#1964);
#1606=LINE('',#3951,#1965);
#1607=LINE('',#3953,#1966);
#1608=LINE('',#3955,#1967);
#1609=LINE('',#3957,#1968);
#1610=LINE('',#3958,#1969);
#1611=LINE('',#3960,#1970);
#1612=LINE('',#3962,#1971);
#1613=LINE('',#3964,#1972);
#1614=LINE('',#3966,#1973);
#1615=LINE('',#3968,#1974);
#1616=LINE('',#3969,#1975);
#1617=LINE('',#3972,#1976);
#1618=LINE('',#3974,#1977);
#1619=LINE('',#3976,#1978);
#1620=LINE('',#3978,#1979);
#1621=LINE('',#3981,#1980);
#1622=LINE('',#3983,#1981);
#1623=LINE('',#3985,#1982);
#1624=LINE('',#3986,#1983);
#1625=LINE('',#3989,#1984);
#1626=LINE('',#3991,#1985);
#1627=LINE('',#3993,#1986);
#1628=LINE('',#3995,#1987);
#1629=LINE('',#3998,#1988);
#1630=LINE('',#4000,#1989);
#1631=LINE('',#4002,#1990);
#1632=LINE('',#4004,#1991);
#1633=LINE('',#4009,#1992);
#1634=LINE('',#4014,#1993);
#1635=LINE('',#4018,#1994);
#1636=LINE('',#4019,#1995);
#1637=LINE('',#4025,#1996);
#1638=LINE('',#4029,#1997);
#1639=LINE('',#4033,#1998);
#1640=LINE('',#4038,#1999);
#1641=LINE('',#4045,#2000);
#1642=LINE('',#4052,#2001);
#1643=LINE('',#4056,#2002);
#1644=LINE('',#4061,#2003);
#1645=LINE('',#4064,#2004);
#1646=LINE('',#4068,#2005);
#1647=LINE('',#4070,#2006);
#1648=LINE('',#4072,#2007);
#1649=LINE('',#4074,#2008);
#1650=LINE('',#4075,#2009);
#1651=LINE('',#4077,#2010);
#1652=LINE('',#4080,#2011);
#1653=LINE('',#4082,#2012);
#1654=LINE('',#4084,#2013);
#1655=LINE('',#4086,#2014);
#1656=LINE('',#4088,#2015);
#1657=LINE('',#4090,#2016);
#1658=LINE('',#4092,#2017);
#1659=LINE('',#4094,#2018);
#1660=LINE('',#4097,#2019);
#1661=LINE('',#4099,#2020);
#1662=LINE('',#4100,#2021);
#1663=LINE('',#4102,#2022);
#1664=LINE('',#4104,#2023);
#1665=LINE('',#4106,#2024);
#1666=LINE('',#4108,#2025);
#1667=LINE('',#4110,#2026);
#1668=LINE('',#4111,#2027);
#1669=LINE('',#4113,#2028);
#1670=LINE('',#4115,#2029);
#1671=LINE('',#4117,#2030);
#1672=LINE('',#4119,#2031);
#1673=LINE('',#4121,#2032);
#1674=LINE('',#4123,#2033);
#1675=LINE('',#4124,#2034);
#1676=LINE('',#4126,#2035);
#1677=LINE('',#4128,#2036);
#1678=LINE('',#4131,#2037);
#1679=LINE('',#4132,#2038);
#1680=LINE('',#4134,#2039);
#1681=LINE('',#4135,#2040);
#1682=LINE('',#4138,#2041);
#1683=LINE('',#4140,#2042);
#1684=LINE('',#4144,#2043);
#1685=LINE('',#4145,#2044);
#1686=LINE('',#4147,#2045);
#1687=LINE('',#4149,#2046);
#1688=LINE('',#4152,#2047);
#1689=LINE('',#4154,#2048);
#1690=LINE('',#4156,#2049);
#1691=LINE('',#4158,#2050);
#1692=LINE('',#4160,#2051);
#1693=LINE('',#4163,#2052);
#1694=LINE('',#4165,#2053);
#1695=LINE('',#4167,#2054);
#1696=LINE('',#4169,#2055);
#1697=LINE('',#4171,#2056);
#1698=LINE('',#4173,#2057);
#1699=LINE('',#4175,#2058);
#1700=LINE('',#4177,#2059);
#1701=LINE('',#4179,#2060);
#1702=LINE('',#4181,#2061);
#1703=LINE('',#4183,#2062);
#1704=LINE('',#4186,#2063);
#1705=LINE('',#4187,#2064);
#1706=LINE('',#4189,#2065);
#1707=LINE('',#4191,#2066);
#1708=LINE('',#4194,#2067);
#1709=LINE('',#4195,#2068);
#1710=LINE('',#4197,#2069);
#1711=LINE('',#4199,#2070);
#1712=LINE('',#4202,#2071);
#1713=LINE('',#4203,#2072);
#1714=LINE('',#4205,#2073);
#1715=LINE('',#4207,#2074);
#1716=LINE('',#4210,#2075);
#1717=LINE('',#4211,#2076);
#1718=LINE('',#4213,#2077);
#1719=LINE('',#4215,#2078);
#1720=LINE('',#4218,#2079);
#1721=LINE('',#4219,#2080);
#1722=LINE('',#4221,#2081);
#1723=LINE('',#4223,#2082);
#1724=LINE('',#4226,#2083);
#1725=LINE('',#4227,#2084);
#1726=LINE('',#4229,#2085);
#1727=LINE('',#4231,#2086);
#1728=LINE('',#4234,#2087);
#1729=LINE('',#4235,#2088);
#1730=LINE('',#4237,#2089);
#1731=LINE('',#4239,#2090);
#1732=LINE('',#4242,#2091);
#1733=LINE('',#4243,#2092);
#1734=LINE('',#4245,#2093);
#1735=LINE('',#4247,#2094);
#1736=LINE('',#4250,#2095);
#1737=LINE('',#4251,#2096);
#1738=LINE('',#4253,#2097);
#1739=LINE('',#4255,#2098);
#1740=LINE('',#4258,#2099);
#1741=LINE('',#4259,#2100);
#1742=LINE('',#4261,#2101);
#1743=LINE('',#4263,#2102);
#1744=LINE('',#4266,#2103);
#1745=LINE('',#4267,#2104);
#1746=LINE('',#4269,#2105);
#1747=LINE('',#4271,#2106);
#1748=LINE('',#4274,#2107);
#1749=LINE('',#4275,#2108);
#1750=LINE('',#4277,#2109);
#1751=LINE('',#4279,#2110);
#1752=LINE('',#4282,#2111);
#1753=LINE('',#4283,#2112);
#1754=LINE('',#4285,#2113);
#1755=LINE('',#4287,#2114);
#1756=LINE('',#4290,#2115);
#1757=LINE('',#4291,#2116);
#1758=LINE('',#4293,#2117);
#1759=LINE('',#4295,#2118);
#1760=LINE('',#4298,#2119);
#1761=LINE('',#4299,#2120);
#1762=LINE('',#4301,#2121);
#1763=LINE('',#4303,#2122);
#1764=LINE('',#4306,#2123);
#1765=LINE('',#4307,#2124);
#1766=LINE('',#4309,#2125);
#1767=LINE('',#4311,#2126);
#1768=LINE('',#4314,#2127);
#1769=LINE('',#4315,#2128);
#1770=LINE('',#4317,#2129);
#1771=LINE('',#4319,#2130);
#1772=LINE('',#4322,#2131);
#1773=LINE('',#4323,#2132);
#1774=LINE('',#4325,#2133);
#1775=LINE('',#4327,#2134);
#1776=LINE('',#4330,#2135);
#1777=LINE('',#4331,#2136);
#1778=LINE('',#4333,#2137);
#1779=LINE('',#4335,#2138);
#1780=LINE('',#4338,#2139);
#1781=LINE('',#4339,#2140);
#1782=LINE('',#4341,#2141);
#1783=LINE('',#4343,#2142);
#1784=LINE('',#4346,#2143);
#1785=LINE('',#4347,#2144);
#1786=LINE('',#4349,#2145);
#1787=LINE('',#4351,#2146);
#1788=VECTOR('',#2929,1.);
#1789=VECTOR('',#2930,1.);
#1790=VECTOR('',#2931,1.);
#1791=VECTOR('',#2932,1.);
#1792=VECTOR('',#2933,1.);
#1793=VECTOR('',#2934,1.);
#1794=VECTOR('',#2935,1.);
#1795=VECTOR('',#2936,1.);
#1796=VECTOR('',#2937,1.);
#1797=VECTOR('',#2938,1.);
#1798=VECTOR('',#2939,1.);
#1799=VECTOR('',#2940,1.);
#1800=VECTOR('',#2941,1.);
#1801=VECTOR('',#2942,1.);
#1802=VECTOR('',#2943,1.);
#1803=VECTOR('',#2944,1.);
#1804=VECTOR('',#2945,1.);
#1805=VECTOR('',#2946,1.);
#1806=VECTOR('',#2947,1.);
#1807=VECTOR('',#2948,1.);
#1808=VECTOR('',#2949,1.);
#1809=VECTOR('',#2950,1.);
#1810=VECTOR('',#2951,1.);
#1811=VECTOR('',#2952,1.);
#1812=VECTOR('',#2953,1.);
#1813=VECTOR('',#2954,1.);
#1814=VECTOR('',#2955,1.);
#1815=VECTOR('',#2956,1.);
#1816=VECTOR('',#2957,1.);
#1817=VECTOR('',#2958,1.);
#1818=VECTOR('',#2959,1.);
#1819=VECTOR('',#2960,1.);
#1820=VECTOR('',#2961,1.);
#1821=VECTOR('',#2962,1.);
#1822=VECTOR('',#2963,1.);
#1823=VECTOR('',#2964,1.);
#1824=VECTOR('',#2965,1.);
#1825=VECTOR('',#2966,1.);
#1826=VECTOR('',#2967,1.);
#1827=VECTOR('',#2968,1.);
#1828=VECTOR('',#2969,1.);
#1829=VECTOR('',#2970,1.);
#1830=VECTOR('',#2971,1.);
#1831=VECTOR('',#2972,1.);
#1832=VECTOR('',#2973,1.);
#1833=VECTOR('',#2974,1.);
#1834=VECTOR('',#2975,1.);
#1835=VECTOR('',#2976,1.);
#1836=VECTOR('',#2977,1.);
#1837=VECTOR('',#2978,1.);
#1838=VECTOR('',#2979,1.);
#1839=VECTOR('',#2980,1.);
#1840=VECTOR('',#2981,1.);
#1841=VECTOR('',#2982,1.);
#1842=VECTOR('',#2983,1.);
#1843=VECTOR('',#2984,1.);
#1844=VECTOR('',#2985,1.);
#1845=VECTOR('',#2986,1.);
#1846=VECTOR('',#2987,1.);
#1847=VECTOR('',#2988,1.);
#1848=VECTOR('',#2989,1.);
#1849=VECTOR('',#2990,1.);
#1850=VECTOR('',#2991,1.);
#1851=VECTOR('',#2992,1.);
#1852=VECTOR('',#2993,1.);
#1853=VECTOR('',#2994,1.);
#1854=VECTOR('',#2995,1.);
#1855=VECTOR('',#2996,1.);
#1856=VECTOR('',#2997,1.);
#1857=VECTOR('',#2998,1.);
#1858=VECTOR('',#2999,1.);
#1859=VECTOR('',#3000,1.);
#1860=VECTOR('',#3001,1.);
#1861=VECTOR('',#3002,1.);
#1862=VECTOR('',#3003,1.);
#1863=VECTOR('',#3004,1.);
#1864=VECTOR('',#3005,1.);
#1865=VECTOR('',#3006,1.);
#1866=VECTOR('',#3007,1.);
#1867=VECTOR('',#3008,1.);
#1868=VECTOR('',#3009,1.);
#1869=VECTOR('',#3010,1.);
#1870=VECTOR('',#3011,1.);
#1871=VECTOR('',#3012,1.);
#1872=VECTOR('',#3013,1.);
#1873=VECTOR('',#3014,1.);
#1874=VECTOR('',#3015,1.);
#1875=VECTOR('',#3016,1.);
#1876=VECTOR('',#3019,1.);
#1877=VECTOR('',#3020,1.);
#1878=VECTOR('',#3021,1.);
#1879=VECTOR('',#3022,1.);
#1880=VECTOR('',#3023,1.);
#1881=VECTOR('',#3024,1.);
#1882=VECTOR('',#3025,1.);
#1883=VECTOR('',#3026,1.);
#1884=VECTOR('',#3027,1.);
#1885=VECTOR('',#3028,1.);
#1886=VECTOR('',#3029,1.);
#1887=VECTOR('',#3030,1.);
#1888=VECTOR('',#3031,1.);
#1889=VECTOR('',#3032,1.);
#1890=VECTOR('',#3033,1.);
#1891=VECTOR('',#3034,1.);
#1892=VECTOR('',#3035,1.);
#1893=VECTOR('',#3036,1.);
#1894=VECTOR('',#3037,1.);
#1895=VECTOR('',#3038,1.);
#1896=VECTOR('',#3039,1.);
#1897=VECTOR('',#3040,1.);
#1898=VECTOR('',#3041,1.);
#1899=VECTOR('',#3042,1.);
#1900=VECTOR('',#3043,1.);
#1901=VECTOR('',#3044,1.);
#1902=VECTOR('',#3045,1.);
#1903=VECTOR('',#3046,1.);
#1904=VECTOR('',#3047,1.);
#1905=VECTOR('',#3048,1.);
#1906=VECTOR('',#3049,1.);
#1907=VECTOR('',#3050,1.);
#1908=VECTOR('',#3051,1.);
#1909=VECTOR('',#3052,1.);
#1910=VECTOR('',#3053,1.);
#1911=VECTOR('',#3054,1.);
#1912=VECTOR('',#3055,1.);
#1913=VECTOR('',#3056,1.);
#1914=VECTOR('',#3057,1.);
#1915=VECTOR('',#3058,1.);
#1916=VECTOR('',#3059,1.);
#1917=VECTOR('',#3060,1.);
#1918=VECTOR('',#3061,1.);
#1919=VECTOR('',#3062,1.);
#1920=VECTOR('',#3063,1.);
#1921=VECTOR('',#3064,1.);
#1922=VECTOR('',#3065,1.);
#1923=VECTOR('',#3066,1.);
#1924=VECTOR('',#3067,1.);
#1925=VECTOR('',#3068,1.);
#1926=VECTOR('',#3069,1.);
#1927=VECTOR('',#3070,1.);
#1928=VECTOR('',#3071,1.);
#1929=VECTOR('',#3072,1.);
#1930=VECTOR('',#3073,1.);
#1931=VECTOR('',#3074,1.);
#1932=VECTOR('',#3075,1.);
#1933=VECTOR('',#3076,1.);
#1934=VECTOR('',#3077,1.);
#1935=VECTOR('',#3078,1.);
#1936=VECTOR('',#3079,1.);
#1937=VECTOR('',#3080,1.);
#1938=VECTOR('',#3081,1.);
#1939=VECTOR('',#3082,1.);
#1940=VECTOR('',#3083,1.);
#1941=VECTOR('',#3084,1.);
#1942=VECTOR('',#3085,1.);
#1943=VECTOR('',#3086,1.);
#1944=VECTOR('',#3087,1.);
#1945=VECTOR('',#3088,1.);
#1946=VECTOR('',#3089,1.);
#1947=VECTOR('',#3090,1.);
#1948=VECTOR('',#3091,1.);
#1949=VECTOR('',#3092,1.);
#1950=VECTOR('',#3093,1.);
#1951=VECTOR('',#3094,1.);
#1952=VECTOR('',#3095,1.);
#1953=VECTOR('',#3096,1.);
#1954=VECTOR('',#3097,1.);
#1955=VECTOR('',#3098,1.);
#1956=VECTOR('',#3099,1.);
#1957=VECTOR('',#3100,1.);
#1958=VECTOR('',#3101,1.);
#1959=VECTOR('',#3102,1.);
#1960=VECTOR('',#3103,1.);
#1961=VECTOR('',#3104,1.);
#1962=VECTOR('',#3105,1.);
#1963=VECTOR('',#3106,1.);
#1964=VECTOR('',#3109,1.);
#1965=VECTOR('',#3110,1.);
#1966=VECTOR('',#3111,1.);
#1967=VECTOR('',#3112,1.);
#1968=VECTOR('',#3113,1.);
#1969=VECTOR('',#3114,1.);
#1970=VECTOR('',#3115,1.);
#1971=VECTOR('',#3116,1.);
#1972=VECTOR('',#3117,1.);
#1973=VECTOR('',#3118,1.);
#1974=VECTOR('',#3119,1.);
#1975=VECTOR('',#3120,1.);
#1976=VECTOR('',#3121,1.);
#1977=VECTOR('',#3122,1.);
#1978=VECTOR('',#3123,1.);
#1979=VECTOR('',#3126,1.);
#1980=VECTOR('',#3127,1.);
#1981=VECTOR('',#3128,1.);
#1982=VECTOR('',#3129,1.);
#1983=VECTOR('',#3130,1.);
#1984=VECTOR('',#3131,1.);
#1985=VECTOR('',#3132,1.);
#1986=VECTOR('',#3133,1.);
#1987=VECTOR('',#3136,1.);
#1988=VECTOR('',#3137,1.);
#1989=VECTOR('',#3138,1.);
#1990=VECTOR('',#3139,1.);
#1991=VECTOR('',#3142,1.);
#1992=VECTOR('',#3145,1.);
#1993=VECTOR('',#3150,1.);
#1994=VECTOR('',#3155,1.);
#1995=VECTOR('',#3156,1.);
#1996=VECTOR('',#3163,1.);
#1997=VECTOR('',#3168,1.);
#1998=VECTOR('',#3171,1.);
#1999=VECTOR('',#3180,1.);
#2000=VECTOR('',#3191,1.);
#2001=VECTOR('',#3202,1.);
#2002=VECTOR('',#3209,1.);
#2003=VECTOR('',#3214,1.);
#2004=VECTOR('',#3217,1.);
#2005=VECTOR('',#3224,1.);
#2006=VECTOR('',#3225,1.);
#2007=VECTOR('',#3226,1.);
#2008=VECTOR('',#3229,1.);
#2009=VECTOR('',#3230,1.);
#2010=VECTOR('',#3233,1.);
#2011=VECTOR('',#3234,1.);
#2012=VECTOR('',#3235,1.);
#2013=VECTOR('',#3236,1.);
#2014=VECTOR('',#3239,1.);
#2015=VECTOR('',#3240,1.);
#2016=VECTOR('',#3241,1.);
#2017=VECTOR('',#3242,1.);
#2018=VECTOR('',#3245,1.);
#2019=VECTOR('',#3246,1.);
#2020=VECTOR('',#3247,1.);
#2021=VECTOR('',#3248,1.);
#2022=VECTOR('',#3251,1.);
#2023=VECTOR('',#3252,1.);
#2024=VECTOR('',#3253,1.);
#2025=VECTOR('',#3254,1.);
#2026=VECTOR('',#3255,1.);
#2027=VECTOR('',#3256,1.);
#2028=VECTOR('',#3259,1.);
#2029=VECTOR('',#3260,1.);
#2030=VECTOR('',#3261,1.);
#2031=VECTOR('',#3262,1.);
#2032=VECTOR('',#3263,1.);
#2033=VECTOR('',#3264,1.);
#2034=VECTOR('',#3265,1.);
#2035=VECTOR('',#3266,1.);
#2036=VECTOR('',#3267,1.);
#2037=VECTOR('',#3272,1.);
#2038=VECTOR('',#3273,1.);
#2039=VECTOR('',#3276,1.);
#2040=VECTOR('',#3277,1.);
#2041=VECTOR('',#3282,1.);
#2042=VECTOR('',#3285,1.);
#2043=VECTOR('',#3292,1.);
#2044=VECTOR('',#3293,1.);
#2045=VECTOR('',#3296,1.);
#2046=VECTOR('',#3299,1.);
#2047=VECTOR('',#3304,1.);
#2048=VECTOR('',#3305,1.);
#2049=VECTOR('',#3308,1.);
#2050=VECTOR('',#3309,1.);
#2051=VECTOR('',#3312,1.);
#2052=VECTOR('',#3317,1.);
#2053=VECTOR('',#3318,1.);
#2054=VECTOR('',#3319,1.);
#2055=VECTOR('',#3322,1.);
#2056=VECTOR('',#3323,1.);
#2057=VECTOR('',#3326,1.);
#2058=VECTOR('',#3329,1.);
#2059=VECTOR('',#3330,1.);
#2060=VECTOR('',#3333,1.);
#2061=VECTOR('',#3334,1.);
#2062=VECTOR('',#3337,1.);
#2063=VECTOR('',#3342,1.);
#2064=VECTOR('',#3343,1.);
#2065=VECTOR('',#3346,1.);
#2066=VECTOR('',#3349,1.);
#2067=VECTOR('',#3354,1.);
#2068=VECTOR('',#3355,1.);
#2069=VECTOR('',#3358,1.);
#2070=VECTOR('',#3361,1.);
#2071=VECTOR('',#3366,1.);
#2072=VECTOR('',#3367,1.);
#2073=VECTOR('',#3370,1.);
#2074=VECTOR('',#3373,1.);
#2075=VECTOR('',#3378,1.);
#2076=VECTOR('',#3379,1.);
#2077=VECTOR('',#3382,1.);
#2078=VECTOR('',#3385,1.);
#2079=VECTOR('',#3390,1.);
#2080=VECTOR('',#3391,1.);
#2081=VECTOR('',#3394,1.);
#2082=VECTOR('',#3397,1.);
#2083=VECTOR('',#3402,1.);
#2084=VECTOR('',#3403,1.);
#2085=VECTOR('',#3406,1.);
#2086=VECTOR('',#3409,1.);
#2087=VECTOR('',#3414,1.);
#2088=VECTOR('',#3415,1.);
#2089=VECTOR('',#3418,1.);
#2090=VECTOR('',#3421,1.);
#2091=VECTOR('',#3426,1.);
#2092=VECTOR('',#3427,1.);
#2093=VECTOR('',#3430,1.);
#2094=VECTOR('',#3433,1.);
#2095=VECTOR('',#3438,1.);
#2096=VECTOR('',#3439,1.);
#2097=VECTOR('',#3442,1.);
#2098=VECTOR('',#3445,1.);
#2099=VECTOR('',#3450,1.);
#2100=VECTOR('',#3451,1.);
#2101=VECTOR('',#3454,1.);
#2102=VECTOR('',#3457,1.);
#2103=VECTOR('',#3462,1.);
#2104=VECTOR('',#3463,1.);
#2105=VECTOR('',#3466,1.);
#2106=VECTOR('',#3469,1.);
#2107=VECTOR('',#3474,1.);
#2108=VECTOR('',#3475,1.);
#2109=VECTOR('',#3478,1.);
#2110=VECTOR('',#3481,1.);
#2111=VECTOR('',#3486,1.);
#2112=VECTOR('',#3487,1.);
#2113=VECTOR('',#3490,1.);
#2114=VECTOR('',#3493,1.);
#2115=VECTOR('',#3498,1.);
#2116=VECTOR('',#3499,1.);
#2117=VECTOR('',#3502,1.);
#2118=VECTOR('',#3505,1.);
#2119=VECTOR('',#3510,1.);
#2120=VECTOR('',#3511,1.);
#2121=VECTOR('',#3514,1.);
#2122=VECTOR('',#3517,1.);
#2123=VECTOR('',#3522,1.);
#2124=VECTOR('',#3523,1.);
#2125=VECTOR('',#3526,1.);
#2126=VECTOR('',#3529,1.);
#2127=VECTOR('',#3534,1.);
#2128=VECTOR('',#3535,1.);
#2129=VECTOR('',#3538,1.);
#2130=VECTOR('',#3541,1.);
#2131=VECTOR('',#3546,1.);
#2132=VECTOR('',#3547,1.);
#2133=VECTOR('',#3550,1.);
#2134=VECTOR('',#3553,1.);
#2135=VECTOR('',#3558,1.);
#2136=VECTOR('',#3559,1.);
#2137=VECTOR('',#3562,1.);
#2138=VECTOR('',#3565,1.);
#2139=VECTOR('',#3570,1.);
#2140=VECTOR('',#3571,1.);
#2141=VECTOR('',#3574,1.);
#2142=VECTOR('',#3577,1.);
#2143=VECTOR('',#3582,1.);
#2144=VECTOR('',#3583,1.);
#2145=VECTOR('',#3586,1.);
#2146=VECTOR('',#3589,1.);
#2147=EDGE_LOOP('',(#44,#45,#46,#47));
#2148=EDGE_LOOP('',(#48,#49,#50,#51));
#2149=EDGE_LOOP('',(#52,#53,#54,#55));
#2150=EDGE_LOOP('',(#56,#57,#58,#59));
#2151=EDGE_LOOP('',(#60,#61,#62,#63));
#2152=EDGE_LOOP('',(#64,#65,#66,#67));
#2153=EDGE_LOOP('',(#68,#69,#70,#71));
#2154=EDGE_LOOP('',(#72,#73,#74,#75));
#2155=EDGE_LOOP('',(#76,#77,#78,#79));
#2156=EDGE_LOOP('',(#80,#81,#82,#83));
#2157=EDGE_LOOP('',(#84,#85,#86,#87));
#2158=EDGE_LOOP('',(#88,#89,#90,#91));
#2159=EDGE_LOOP('',(#92,#93,#94,#95));
#2160=EDGE_LOOP('',(#96,#97,#98,#99));
#2161=EDGE_LOOP('',(#100,#101,#102,#103));
#2162=EDGE_LOOP('',(#104,#105,#106,#107));
#2163=EDGE_LOOP('',(#108,#109,#110,#111));
#2164=EDGE_LOOP('',(#112,#113,#114,#115));
#2165=EDGE_LOOP('',(#116,#117,#118,#119));
#2166=EDGE_LOOP('',(#120,#121,#122,#123));
#2167=EDGE_LOOP('',(#124,#125,#126,#127));
#2168=EDGE_LOOP('',(#128,#129,#130,#131));
#2169=EDGE_LOOP('',(#132,#133,#134,#135));
#2170=EDGE_LOOP('',(#136,#137,#138,#139));
#2171=EDGE_LOOP('',(#140,#141,#142,#143));
#2172=EDGE_LOOP('',(#144,#145,#146,#147));
#2173=EDGE_LOOP('',(#148,#149,#150,#151));
#2174=EDGE_LOOP('',(#152,#153,#154,#155));
#2175=EDGE_LOOP('',(#156,#157,#158,#159));
#2176=EDGE_LOOP('',(#160,#161,#162,#163));
#2177=EDGE_LOOP('',(#164,#165,#166,#167));
#2178=EDGE_LOOP('',(#168,#169,#170,#171));
#2179=EDGE_LOOP('',(#172,#173,#174,#175));
#2180=EDGE_LOOP('',(#176,#177,#178,#179));
#2181=EDGE_LOOP('',(#180,#181,#182,#183));
#2182=EDGE_LOOP('',(#184,#185,#186,#187));
#2183=EDGE_LOOP('',(#188,#189,#190,#191));
#2184=EDGE_LOOP('',(#192,#193,#194,#195));
#2185=EDGE_LOOP('',(#196,#197,#198,#199));
#2186=EDGE_LOOP('',(#200,#201,#202,#203));
#2187=EDGE_LOOP('',(#204,#205,#206,#207));
#2188=EDGE_LOOP('',(#208,#209,#210,#211));
#2189=EDGE_LOOP('',(#212,#213,#214,#215));
#2190=EDGE_LOOP('',(#216,#217,#218,#219));
#2191=EDGE_LOOP('',(#220,#221,#222,#223,#224,#225,#226,#227,#228,#229,#230,
#231));
#2192=EDGE_LOOP('',(#232,#233,#234,#235));
#2193=EDGE_LOOP('',(#236,#237,#238,#239));
#2194=EDGE_LOOP('',(#240,#241,#242,#243));
#2195=EDGE_LOOP('',(#244,#245,#246,#247));
#2196=EDGE_LOOP('',(#248,#249,#250,#251,#252,#253,#254,#255));
#2197=EDGE_LOOP('',(#256,#257,#258,#259,#260,#261,#262,#263,#264,#265));
#2198=EDGE_LOOP('',(#266,#267,#268,#269));
#2199=EDGE_LOOP('',(#270,#271,#272));
#2200=EDGE_LOOP('',(#273,#274,#275,#276));
#2201=EDGE_LOOP('',(#277,#278,#279));
#2202=EDGE_LOOP('',(#280,#281,#282,#283));
#2203=EDGE_LOOP('',(#284,#285,#286));
#2204=EDGE_LOOP('',(#287,#288,#289,#290));
#2205=EDGE_LOOP('',(#291,#292,#293));
#2206=EDGE_LOOP('',(#294,#295,#296,#297));
#2207=EDGE_LOOP('',(#298,#299,#300,#301,#302,#303,#304,#305));
#2208=EDGE_LOOP('',(#306,#307,#308,#309));
#2209=EDGE_LOOP('',(#310,#311,#312,#313));
#2210=EDGE_LOOP('',(#314,#315,#316,#317));
#2211=EDGE_LOOP('',(#318,#319,#320,#321));
#2212=EDGE_LOOP('',(#322,#323,#324,#325));
#2213=EDGE_LOOP('',(#326,#327,#328,#329,#330));
#2214=EDGE_LOOP('',(#331,#332,#333,#334,#335));
#2215=EDGE_LOOP('',(#336,#337,#338,#339,#340,#341,#342,#343));
#2216=EDGE_LOOP('',(#344,#345,#346,#347,#348,#349,#350,#351,#352,#353,#354,
#355));
#2217=EDGE_LOOP('',(#356,#357,#358,#359));
#2218=EDGE_LOOP('',(#360,#361,#362,#363));
#2219=EDGE_LOOP('',(#364,#365,#366,#367));
#2220=EDGE_LOOP('',(#368,#369,#370,#371,#372,#373,#374,#375,#376,#377));
#2221=EDGE_LOOP('',(#378,#379,#380,#381));
#2222=EDGE_LOOP('',(#382,#383,#384,#385));
#2223=EDGE_LOOP('',(#386,#387,#388,#389));
#2224=EDGE_LOOP('',(#390,#391,#392,#393));
#2225=EDGE_LOOP('',(#394,#395,#396,#397));
#2226=EDGE_LOOP('',(#398,#399,#400,#401));
#2227=EDGE_LOOP('',(#402,#403,#404,#405));
#2228=EDGE_LOOP('',(#406,#407,#408,#409));
#2229=EDGE_LOOP('',(#410,#411,#412,#413));
#2230=EDGE_LOOP('',(#414,#415,#416,#417));
#2231=EDGE_LOOP('',(#418,#419,#420,#421));
#2232=EDGE_LOOP('',(#422,#423,#424,#425));
#2233=EDGE_LOOP('',(#426,#427,#428,#429));
#2234=EDGE_LOOP('',(#430,#431,#432,#433));
#2235=EDGE_LOOP('',(#434,#435,#436,#437));
#2236=EDGE_LOOP('',(#438,#439,#440,#441));
#2237=EDGE_LOOP('',(#442,#443,#444,#445));
#2238=EDGE_LOOP('',(#446,#447,#448,#449));
#2239=EDGE_LOOP('',(#450,#451,#452,#453));
#2240=EDGE_LOOP('',(#454,#455,#456,#457));
#2241=EDGE_LOOP('',(#458,#459,#460,#461,#462,#463,#464,#465));
#2242=EDGE_LOOP('',(#466,#467,#468,#469));
#2243=EDGE_LOOP('',(#470,#471,#472,#473));
#2244=EDGE_LOOP('',(#474,#475,#476,#477));
#2245=EDGE_LOOP('',(#478,#479,#480,#481));
#2246=EDGE_LOOP('',(#482,#483,#484,#485));
#2247=EDGE_LOOP('',(#486,#487,#488,#489));
#2248=EDGE_LOOP('',(#490,#491,#492,#493));
#2249=EDGE_LOOP('',(#494,#495,#496,#497));
#2250=EDGE_LOOP('',(#498,#499,#500,#501));
#2251=EDGE_LOOP('',(#502,#503,#504,#505));
#2252=EDGE_LOOP('',(#506,#507,#508,#509));
#2253=EDGE_LOOP('',(#510,#511,#512,#513));
#2254=EDGE_LOOP('',(#514,#515,#516,#517));
#2255=EDGE_LOOP('',(#518,#519,#520,#521));
#2256=EDGE_LOOP('',(#522,#523,#524,#525));
#2257=EDGE_LOOP('',(#526,#527,#528,#529));
#2258=EDGE_LOOP('',(#530,#531,#532,#533));
#2259=EDGE_LOOP('',(#534,#535,#536,#537));
#2260=EDGE_LOOP('',(#538,#539,#540,#541));
#2261=EDGE_LOOP('',(#542,#543,#544,#545));
#2262=EDGE_LOOP('',(#546,#547,#548,#549));
#2263=EDGE_LOOP('',(#550,#551,#552,#553));
#2264=EDGE_LOOP('',(#554,#555,#556,#557));
#2265=EDGE_LOOP('',(#558,#559,#560,#561));
#2266=EDGE_LOOP('',(#562,#563,#564,#565));
#2267=EDGE_LOOP('',(#566,#567,#568,#569));
#2268=EDGE_LOOP('',(#570,#571,#572,#573));
#2269=EDGE_LOOP('',(#574,#575,#576,#577));
#2270=EDGE_LOOP('',(#578,#579,#580,#581));
#2271=EDGE_LOOP('',(#582,#583,#584,#585));
#2272=EDGE_LOOP('',(#586,#587,#588,#589));
#2273=EDGE_LOOP('',(#590,#591,#592,#593));
#2274=EDGE_LOOP('',(#594,#595,#596,#597));
#2275=EDGE_LOOP('',(#598,#599,#600,#601));
#2276=EDGE_LOOP('',(#602,#603,#604,#605));
#2277=EDGE_LOOP('',(#606,#607,#608,#609));
#2278=EDGE_LOOP('',(#610,#611,#612,#613));
#2279=EDGE_LOOP('',(#614,#615,#616,#617));
#2280=EDGE_LOOP('',(#618,#619,#620,#621));
#2281=EDGE_LOOP('',(#622,#623,#624,#625));
#2282=EDGE_LOOP('',(#626,#627,#628,#629));
#2283=EDGE_LOOP('',(#630,#631,#632,#633));
#2284=EDGE_LOOP('',(#634,#635,#636,#637));
#2285=EDGE_LOOP('',(#638,#639,#640,#641));
#2286=EDGE_LOOP('',(#642,#643,#644,#645));
#2287=EDGE_LOOP('',(#646,#647,#648,#649));
#2288=EDGE_LOOP('',(#650,#651,#652,#653));
#2289=EDGE_LOOP('',(#654,#655,#656,#657));
#2290=EDGE_LOOP('',(#658,#659,#660,#661));
#2291=EDGE_LOOP('',(#662,#663,#664,#665));
#2292=EDGE_LOOP('',(#666,#667,#668,#669));
#2293=EDGE_LOOP('',(#670,#671,#672,#673));
#2294=EDGE_LOOP('',(#674,#675,#676,#677));
#2295=EDGE_LOOP('',(#678,#679,#680,#681));
#2296=EDGE_LOOP('',(#682,#683,#684,#685));
#2297=EDGE_LOOP('',(#686,#687,#688,#689));
#2298=EDGE_LOOP('',(#690,#691,#692,#693));
#2299=EDGE_LOOP('',(#694,#695,#696,#697));
#2300=EDGE_LOOP('',(#698,#699,#700,#701));
#2301=EDGE_LOOP('',(#702,#703,#704,#705));
#2302=EDGE_LOOP('',(#706,#707,#708,#709));
#2303=EDGE_LOOP('',(#710,#711,#712,#713));
#2304=EDGE_LOOP('',(#714,#715,#716,#717));
#2305=EDGE_LOOP('',(#718,#719,#720,#721));
#2306=EDGE_LOOP('',(#722,#723,#724,#725));
#2307=EDGE_LOOP('',(#726,#727,#728,#729));
#2308=EDGE_LOOP('',(#730,#731,#732,#733));
#2309=EDGE_LOOP('',(#734,#735,#736,#737));
#2310=EDGE_LOOP('',(#738,#739,#740,#741));
#2311=EDGE_LOOP('',(#742,#743,#744,#745));
#2312=EDGE_LOOP('',(#746,#747,#748,#749));
#2313=EDGE_LOOP('',(#750,#751,#752,#753));
#2314=EDGE_LOOP('',(#754,#755,#756,#757));
#2315=EDGE_LOOP('',(#758,#759,#760,#761));
#2316=EDGE_LOOP('',(#762,#763,#764,#765));
#2317=EDGE_LOOP('',(#766,#767,#768,#769));
#2318=EDGE_LOOP('',(#770,#771,#772,#773));
#2319=EDGE_LOOP('',(#774,#775,#776,#777));
#2320=EDGE_LOOP('',(#778,#779,#780,#781));
#2321=EDGE_LOOP('',(#782,#783,#784,#785));
#2322=EDGE_LOOP('',(#786,#787,#788,#789));
#2323=EDGE_LOOP('',(#790,#791,#792,#793));
#2324=EDGE_LOOP('',(#794,#795,#796,#797));
#2325=EDGE_LOOP('',(#798,#799,#800,#801));
#2326=FACE_BOUND('',#2147,.T.);
#2327=FACE_BOUND('',#2148,.T.);
#2328=FACE_BOUND('',#2149,.T.);
#2329=FACE_BOUND('',#2150,.T.);
#2330=FACE_BOUND('',#2151,.T.);
#2331=FACE_BOUND('',#2152,.T.);
#2332=FACE_BOUND('',#2153,.T.);
#2333=FACE_BOUND('',#2154,.T.);
#2334=FACE_BOUND('',#2155,.T.);
#2335=FACE_BOUND('',#2156,.T.);
#2336=FACE_BOUND('',#2157,.T.);
#2337=FACE_BOUND('',#2158,.T.);
#2338=FACE_BOUND('',#2159,.T.);
#2339=FACE_BOUND('',#2160,.T.);
#2340=FACE_BOUND('',#2161,.T.);
#2341=FACE_BOUND('',#2162,.T.);
#2342=FACE_BOUND('',#2163,.T.);
#2343=FACE_BOUND('',#2164,.T.);
#2344=FACE_BOUND('',#2165,.T.);
#2345=FACE_BOUND('',#2166,.T.);
#2346=FACE_BOUND('',#2167,.T.);
#2347=FACE_BOUND('',#2168,.T.);
#2348=FACE_BOUND('',#2169,.T.);
#2349=FACE_BOUND('',#2170,.T.);
#2350=FACE_BOUND('',#2171,.T.);
#2351=FACE_BOUND('',#2172,.T.);
#2352=FACE_BOUND('',#2173,.T.);
#2353=FACE_BOUND('',#2174,.T.);
#2354=FACE_BOUND('',#2175,.T.);
#2355=FACE_BOUND('',#2176,.T.);
#2356=FACE_BOUND('',#2177,.T.);
#2357=FACE_BOUND('',#2178,.T.);
#2358=FACE_BOUND('',#2179,.T.);
#2359=FACE_BOUND('',#2180,.T.);
#2360=FACE_BOUND('',#2181,.T.);
#2361=FACE_BOUND('',#2182,.T.);
#2362=FACE_BOUND('',#2183,.T.);
#2363=FACE_BOUND('',#2184,.T.);
#2364=FACE_BOUND('',#2185,.T.);
#2365=FACE_BOUND('',#2186,.T.);
#2366=FACE_BOUND('',#2187,.T.);
#2367=FACE_BOUND('',#2188,.T.);
#2368=FACE_BOUND('',#2189,.T.);
#2369=FACE_BOUND('',#2190,.T.);
#2370=FACE_BOUND('',#2191,.T.);
#2371=FACE_BOUND('',#2192,.T.);
#2372=FACE_BOUND('',#2193,.T.);
#2373=FACE_BOUND('',#2194,.T.);
#2374=FACE_BOUND('',#2195,.T.);
#2375=FACE_BOUND('',#2196,.T.);
#2376=FACE_BOUND('',#2197,.T.);
#2377=FACE_BOUND('',#2198,.T.);
#2378=FACE_BOUND('',#2199,.T.);
#2379=FACE_BOUND('',#2200,.T.);
#2380=FACE_BOUND('',#2201,.T.);
#2381=FACE_BOUND('',#2202,.T.);
#2382=FACE_BOUND('',#2203,.T.);
#2383=FACE_BOUND('',#2204,.T.);
#2384=FACE_BOUND('',#2205,.T.);
#2385=FACE_BOUND('',#2206,.T.);
#2386=FACE_BOUND('',#2207,.T.);
#2387=FACE_BOUND('',#2208,.T.);
#2388=FACE_BOUND('',#2209,.T.);
#2389=FACE_BOUND('',#2210,.T.);
#2390=FACE_BOUND('',#2211,.T.);
#2391=FACE_BOUND('',#2212,.T.);
#2392=FACE_BOUND('',#2213,.T.);
#2393=FACE_BOUND('',#2214,.T.);
#2394=FACE_BOUND('',#2215,.T.);
#2395=FACE_BOUND('',#2216,.T.);
#2396=FACE_BOUND('',#2217,.T.);
#2397=FACE_BOUND('',#2218,.T.);
#2398=FACE_BOUND('',#2219,.T.);
#2399=FACE_BOUND('',#2220,.T.);
#2400=FACE_BOUND('',#2221,.T.);
#2401=FACE_BOUND('',#2222,.T.);
#2402=FACE_BOUND('',#2223,.T.);
#2403=FACE_BOUND('',#2224,.T.);
#2404=FACE_BOUND('',#2225,.T.);
#2405=FACE_BOUND('',#2226,.T.);
#2406=FACE_BOUND('',#2227,.T.);
#2407=FACE_BOUND('',#2228,.T.);
#2408=FACE_BOUND('',#2229,.T.);
#2409=FACE_BOUND('',#2230,.T.);
#2410=FACE_BOUND('',#2231,.T.);
#2411=FACE_BOUND('',#2232,.T.);
#2412=FACE_BOUND('',#2233,.T.);
#2413=FACE_BOUND('',#2234,.T.);
#2414=FACE_BOUND('',#2235,.T.);
#2415=FACE_BOUND('',#2236,.T.);
#2416=FACE_BOUND('',#2237,.T.);
#2417=FACE_BOUND('',#2238,.T.);
#2418=FACE_BOUND('',#2239,.T.);
#2419=FACE_BOUND('',#2240,.T.);
#2420=FACE_BOUND('',#2241,.T.);
#2421=FACE_BOUND('',#2242,.T.);
#2422=FACE_BOUND('',#2243,.T.);
#2423=FACE_BOUND('',#2244,.T.);
#2424=FACE_BOUND('',#2245,.T.);
#2425=FACE_BOUND('',#2246,.T.);
#2426=FACE_BOUND('',#2247,.T.);
#2427=FACE_BOUND('',#2248,.T.);
#2428=FACE_BOUND('',#2249,.T.);
#2429=FACE_BOUND('',#2250,.T.);
#2430=FACE_BOUND('',#2251,.T.);
#2431=FACE_BOUND('',#2252,.T.);
#2432=FACE_BOUND('',#2253,.T.);
#2433=FACE_BOUND('',#2254,.T.);
#2434=FACE_BOUND('',#2255,.T.);
#2435=FACE_BOUND('',#2256,.T.);
#2436=FACE_BOUND('',#2257,.T.);
#2437=FACE_BOUND('',#2258,.T.);
#2438=FACE_BOUND('',#2259,.T.);
#2439=FACE_BOUND('',#2260,.T.);
#2440=FACE_BOUND('',#2261,.T.);
#2441=FACE_BOUND('',#2262,.T.);
#2442=FACE_BOUND('',#2263,.T.);
#2443=FACE_BOUND('',#2264,.T.);
#2444=FACE_BOUND('',#2265,.T.);
#2445=FACE_BOUND('',#2266,.T.);
#2446=FACE_BOUND('',#2267,.T.);
#2447=FACE_BOUND('',#2268,.T.);
#2448=FACE_BOUND('',#2269,.T.);
#2449=FACE_BOUND('',#2270,.T.);
#2450=FACE_BOUND('',#2271,.T.);
#2451=FACE_BOUND('',#2272,.T.);
#2452=FACE_BOUND('',#2273,.T.);
#2453=FACE_BOUND('',#2274,.T.);
#2454=FACE_BOUND('',#2275,.T.);
#2455=FACE_BOUND('',#2276,.T.);
#2456=FACE_BOUND('',#2277,.T.);
#2457=FACE_BOUND('',#2278,.T.);
#2458=FACE_BOUND('',#2279,.T.);
#2459=FACE_BOUND('',#2280,.T.);
#2460=FACE_BOUND('',#2281,.T.);
#2461=FACE_BOUND('',#2282,.T.);
#2462=FACE_BOUND('',#2283,.T.);
#2463=FACE_BOUND('',#2284,.T.);
#2464=FACE_BOUND('',#2285,.T.);
#2465=FACE_BOUND('',#2286,.T.);
#2466=FACE_BOUND('',#2287,.T.);
#2467=FACE_BOUND('',#2288,.T.);
#2468=FACE_BOUND('',#2289,.T.);
#2469=FACE_BOUND('',#2290,.T.);
#2470=FACE_BOUND('',#2291,.T.);
#2471=FACE_BOUND('',#2292,.T.);
#2472=FACE_BOUND('',#2293,.T.);
#2473=FACE_BOUND('',#2294,.T.);
#2474=FACE_BOUND('',#2295,.T.);
#2475=FACE_BOUND('',#2296,.T.);
#2476=FACE_BOUND('',#2297,.T.);
#2477=FACE_BOUND('',#2298,.T.);
#2478=FACE_BOUND('',#2299,.T.);
#2479=FACE_BOUND('',#2300,.T.);
#2480=FACE_BOUND('',#2301,.T.);
#2481=FACE_BOUND('',#2302,.T.);
#2482=FACE_BOUND('',#2303,.T.);
#2483=FACE_BOUND('',#2304,.T.);
#2484=FACE_BOUND('',#2305,.T.);
#2485=FACE_BOUND('',#2306,.T.);
#2486=FACE_BOUND('',#2307,.T.);
#2487=FACE_BOUND('',#2308,.T.);
#2488=FACE_BOUND('',#2309,.T.);
#2489=FACE_BOUND('',#2310,.T.);
#2490=FACE_BOUND('',#2311,.T.);
#2491=FACE_BOUND('',#2312,.T.);
#2492=FACE_BOUND('',#2313,.T.);
#2493=FACE_BOUND('',#2314,.T.);
#2494=FACE_BOUND('',#2315,.T.);
#2495=FACE_BOUND('',#2316,.T.);
#2496=FACE_BOUND('',#2317,.T.);
#2497=FACE_BOUND('',#2318,.T.);
#2498=FACE_BOUND('',#2319,.T.);
#2499=FACE_BOUND('',#2320,.T.);
#2500=FACE_BOUND('',#2321,.T.);
#2501=FACE_BOUND('',#2322,.T.);
#2502=FACE_BOUND('',#2323,.T.);
#2503=FACE_BOUND('',#2324,.T.);
#2504=FACE_BOUND('',#2325,.T.);
#2505=PLANE('',#2772);
#2506=PLANE('',#2773);
#2507=PLANE('',#2774);
#2508=PLANE('',#2775);
#2509=PLANE('',#2776);
#2510=PLANE('',#2782);
#2511=PLANE('',#2810);
#2512=PLANE('',#2811);
#2513=PLANE('',#2812);
#2514=PLANE('',#2813);
#2515=PLANE('',#2814);
#2516=PLANE('',#2815);
#2517=PLANE('',#2816);
#2518=PLANE('',#2817);
#2519=PLANE('',#2818);
#2520=PLANE('',#2819);
#2521=PLANE('',#2820);
#2522=PLANE('',#2821);
#2523=PLANE('',#2822);
#2524=PLANE('',#2823);
#2525=PLANE('',#2824);
#2526=PLANE('',#2825);
#2527=PLANE('',#2826);
#2528=PLANE('',#2827);
#2529=PLANE('',#2828);
#2530=PLANE('',#2829);
#2531=PLANE('',#2830);
#2532=PLANE('',#2831);
#2533=PLANE('',#2832);
#2534=PLANE('',#2833);
#2535=PLANE('',#2834);
#2536=PLANE('',#2835);
#2537=PLANE('',#2836);
#2538=PLANE('',#2837);
#2539=PLANE('',#2838);
#2540=PLANE('',#2839);
#2541=PLANE('',#2840);
#2542=PLANE('',#2841);
#2543=PLANE('',#2842);
#2544=PLANE('',#2843);
#2545=PLANE('',#2844);
#2546=PLANE('',#2845);
#2547=PLANE('',#2846);
#2548=PLANE('',#2847);
#2549=PLANE('',#2848);
#2550=PLANE('',#2849);
#2551=PLANE('',#2850);
#2552=PLANE('',#2851);
#2553=PLANE('',#2852);
#2554=PLANE('',#2853);
#2555=PLANE('',#2854);
#2556=PLANE('',#2855);
#2557=PLANE('',#2856);
#2558=PLANE('',#2857);
#2559=PLANE('',#2858);
#2560=PLANE('',#2859);
#2561=PLANE('',#2860);
#2562=PLANE('',#2861);
#2563=PLANE('',#2862);
#2564=PLANE('',#2863);
#2565=PLANE('',#2864);
#2566=PLANE('',#2865);
#2567=PLANE('',#2866);
#2568=PLANE('',#2867);
#2569=PLANE('',#2868);
#2570=PLANE('',#2869);
#2571=PLANE('',#2870);
#2572=PLANE('',#2871);
#2573=PLANE('',#2872);
#2574=PLANE('',#2873);
#2575=PLANE('',#2874);
#2576=PLANE('',#2875);
#2577=PLANE('',#2876);
#2578=PLANE('',#2877);
#2579=PLANE('',#2878);
#2580=PLANE('',#2879);
#2581=PLANE('',#2880);
#2582=PLANE('',#2881);
#2583=PLANE('',#2882);
#2584=PLANE('',#2883);
#2585=PLANE('',#2884);
#2586=PLANE('',#2885);
#2587=PLANE('',#2886);
#2588=PLANE('',#2887);
#2589=PLANE('',#2888);
#2590=PLANE('',#2889);
#2591=PLANE('',#2890);
#2592=PLANE('',#2891);
#2593=PLANE('',#2892);
#2594=PLANE('',#2893);
#2595=PLANE('',#2894);
#2596=PLANE('',#2895);
#2597=PLANE('',#2896);
#2598=PLANE('',#2897);
#2599=PLANE('',#2898);
#2600=PLANE('',#2899);
#2601=PLANE('',#2900);
#2602=PLANE('',#2901);
#2603=PLANE('',#2902);
#2604=PLANE('',#2903);
#2605=PLANE('',#2904);
#2606=PLANE('',#2905);
#2607=PLANE('',#2906);
#2608=PLANE('',#2907);
#2609=PLANE('',#2908);
#2610=PLANE('',#2909);
#2611=PLANE('',#2910);
#2612=PLANE('',#2911);
#2613=PLANE('',#2912);
#2614=PLANE('',#2913);
#2615=PLANE('',#2914);
#2616=PLANE('',#2915);
#2617=PLANE('',#2916);
#2618=PLANE('',#2917);
#2619=PLANE('',#2918);
#2620=PLANE('',#2919);
#2621=PLANE('',#2920);
#2622=PLANE('',#2921);
#2623=PLANE('',#2922);
#2624=PLANE('',#2923);
#2625=PLANE('',#2924);
#2626=ADVANCED_FACE('',(#2326,#2327,#2328,#2329,#2330,#2331,#2332,#2333,
#2334,#2335,#2336,#2337,#2338,#2339,#2340,#2341,#2342,#2343,#2344,#2345,
#2346,#2347),#2505,.T.);
#2627=ADVANCED_FACE('',(#2348,#2349,#2350,#2351,#2352,#2353,#2354,#2355,
#2356,#2357,#2358,#2359,#2360,#2361,#2362,#2363,#2364,#2365,#2366,#2367,
#2368,#2369),#2506,.F.);
#2628=ADVANCED_FACE('',(#2370,#2371),#2507,.F.);
#2629=ADVANCED_FACE('',(#2372,#2373),#2508,.T.);
#2630=ADVANCED_FACE('',(#2374),#2509,.F.);
#2631=ADVANCED_FACE('',(#2375),#36,.T.);
#2632=ADVANCED_FACE('',(#2376),#2510,.T.);
#2633=ADVANCED_FACE('',(#2377),#37,.T.);
#2634=ADVANCED_FACE('',(#2378),#12,.T.);
#2635=ADVANCED_FACE('',(#2379),#38,.T.);
#2636=ADVANCED_FACE('',(#2380),#13,.T.);
#2637=ADVANCED_FACE('',(#2381),#39,.T.);
#2638=ADVANCED_FACE('',(#2382),#14,.T.);
#2639=ADVANCED_FACE('',(#2383),#40,.T.);
#2640=ADVANCED_FACE('',(#2384),#15,.T.);
#2641=ADVANCED_FACE('',(#2385),#41,.T.);
#2642=ADVANCED_FACE('',(#2386),#42,.T.);
#2643=ADVANCED_FACE('',(#2387),#43,.T.);
#2644=ADVANCED_FACE('',(#2388),#2511,.F.);
#2645=ADVANCED_FACE('',(#2389),#2512,.T.);
#2646=ADVANCED_FACE('',(#2390),#2513,.T.);
#2647=ADVANCED_FACE('',(#2391),#2514,.T.);
#2648=ADVANCED_FACE('',(#2392),#2515,.F.);
#2649=ADVANCED_FACE('',(#2393),#2516,.T.);
#2650=ADVANCED_FACE('',(#2394),#2517,.F.);
#2651=ADVANCED_FACE('',(#2395,#2396),#2518,.T.);
#2652=ADVANCED_FACE('',(#2397,#2398),#2519,.F.);
#2653=ADVANCED_FACE('',(#2399),#2520,.F.);
#2654=ADVANCED_FACE('',(#2400),#2521,.T.);
#2655=ADVANCED_FACE('',(#2401),#2522,.F.);
#2656=ADVANCED_FACE('',(#2402),#2523,.F.);
#2657=ADVANCED_FACE('',(#2403),#2524,.F.);
#2658=ADVANCED_FACE('',(#2404),#2525,.F.);
#2659=ADVANCED_FACE('',(#2405),#2526,.T.);
#2660=ADVANCED_FACE('',(#2406),#2527,.T.);
#2661=ADVANCED_FACE('',(#2407),#2528,.F.);
#2662=ADVANCED_FACE('',(#2408),#2529,.F.);
#2663=ADVANCED_FACE('',(#2409),#2530,.T.);
#2664=ADVANCED_FACE('',(#2410),#2531,.T.);
#2665=ADVANCED_FACE('',(#2411),#2532,.F.);
#2666=ADVANCED_FACE('',(#2412),#2533,.T.);
#2667=ADVANCED_FACE('',(#2413),#2534,.T.);
#2668=ADVANCED_FACE('',(#2414),#2535,.T.);
#2669=ADVANCED_FACE('',(#2415),#2536,.T.);
#2670=ADVANCED_FACE('',(#2416),#2537,.T.);
#2671=ADVANCED_FACE('',(#2417),#2538,.F.);
#2672=ADVANCED_FACE('',(#2418),#2539,.F.);
#2673=ADVANCED_FACE('',(#2419),#2540,.T.);
#2674=ADVANCED_FACE('',(#2420),#2541,.T.);
#2675=ADVANCED_FACE('',(#2421),#2542,.T.);
#2676=ADVANCED_FACE('',(#2422),#2543,.F.);
#2677=ADVANCED_FACE('',(#2423),#2544,.T.);
#2678=ADVANCED_FACE('',(#2424),#2545,.T.);
#2679=ADVANCED_FACE('',(#2425),#2546,.T.);
#2680=ADVANCED_FACE('',(#2426),#2547,.F.);
#2681=ADVANCED_FACE('',(#2427),#2548,.T.);
#2682=ADVANCED_FACE('',(#2428),#2549,.T.);
#2683=ADVANCED_FACE('',(#2429),#2550,.T.);
#2684=ADVANCED_FACE('',(#2430),#2551,.F.);
#2685=ADVANCED_FACE('',(#2431),#2552,.T.);
#2686=ADVANCED_FACE('',(#2432),#2553,.T.);
#2687=ADVANCED_FACE('',(#2433),#2554,.T.);
#2688=ADVANCED_FACE('',(#2434),#2555,.F.);
#2689=ADVANCED_FACE('',(#2435),#2556,.T.);
#2690=ADVANCED_FACE('',(#2436),#2557,.T.);
#2691=ADVANCED_FACE('',(#2437),#2558,.T.);
#2692=ADVANCED_FACE('',(#2438),#2559,.F.);
#2693=ADVANCED_FACE('',(#2439),#2560,.T.);
#2694=ADVANCED_FACE('',(#2440),#2561,.T.);
#2695=ADVANCED_FACE('',(#2441),#2562,.T.);
#2696=ADVANCED_FACE('',(#2442),#2563,.F.);
#2697=ADVANCED_FACE('',(#2443),#2564,.T.);
#2698=ADVANCED_FACE('',(#2444),#2565,.T.);
#2699=ADVANCED_FACE('',(#2445),#2566,.T.);
#2700=ADVANCED_FACE('',(#2446),#2567,.F.);
#2701=ADVANCED_FACE('',(#2447),#2568,.T.);
#2702=ADVANCED_FACE('',(#2448),#2569,.T.);
#2703=ADVANCED_FACE('',(#2449),#2570,.T.);
#2704=ADVANCED_FACE('',(#2450),#2571,.F.);
#2705=ADVANCED_FACE('',(#2451),#2572,.T.);
#2706=ADVANCED_FACE('',(#2452),#2573,.T.);
#2707=ADVANCED_FACE('',(#2453),#2574,.T.);
#2708=ADVANCED_FACE('',(#2454),#2575,.F.);
#2709=ADVANCED_FACE('',(#2455),#2576,.F.);
#2710=ADVANCED_FACE('',(#2456),#2577,.F.);
#2711=ADVANCED_FACE('',(#2457),#2578,.T.);
#2712=ADVANCED_FACE('',(#2458),#2579,.F.);
#2713=ADVANCED_FACE('',(#2459),#2580,.F.);
#2714=ADVANCED_FACE('',(#2460),#2581,.F.);
#2715=ADVANCED_FACE('',(#2461),#2582,.T.);
#2716=ADVANCED_FACE('',(#2462),#2583,.F.);
#2717=ADVANCED_FACE('',(#2463),#2584,.F.);
#2718=ADVANCED_FACE('',(#2464),#2585,.F.);
#2719=ADVANCED_FACE('',(#2465),#2586,.T.);
#2720=ADVANCED_FACE('',(#2466),#2587,.F.);
#2721=ADVANCED_FACE('',(#2467),#2588,.F.);
#2722=ADVANCED_FACE('',(#2468),#2589,.F.);
#2723=ADVANCED_FACE('',(#2469),#2590,.T.);
#2724=ADVANCED_FACE('',(#2470),#2591,.F.);
#2725=ADVANCED_FACE('',(#2471),#2592,.F.);
#2726=ADVANCED_FACE('',(#2472),#2593,.F.);
#2727=ADVANCED_FACE('',(#2473),#2594,.T.);
#2728=ADVANCED_FACE('',(#2474),#2595,.F.);
#2729=ADVANCED_FACE('',(#2475),#2596,.F.);
#2730=ADVANCED_FACE('',(#2476),#2597,.F.);
#2731=ADVANCED_FACE('',(#2477),#2598,.T.);
#2732=ADVANCED_FACE('',(#2478),#2599,.F.);
#2733=ADVANCED_FACE('',(#2479),#2600,.F.);
#2734=ADVANCED_FACE('',(#2480),#2601,.F.);
#2735=ADVANCED_FACE('',(#2481),#2602,.T.);
#2736=ADVANCED_FACE('',(#2482),#2603,.F.);
#2737=ADVANCED_FACE('',(#2483),#2604,.F.);
#2738=ADVANCED_FACE('',(#2484),#2605,.F.);
#2739=ADVANCED_FACE('',(#2485),#2606,.T.);
#2740=ADVANCED_FACE('',(#2486),#2607,.F.);
#2741=ADVANCED_FACE('',(#2487),#2608,.F.);
#2742=ADVANCED_FACE('',(#2488),#2609,.F.);
#2743=ADVANCED_FACE('',(#2489),#2610,.T.);
#2744=ADVANCED_FACE('',(#2490),#2611,.F.);
#2745=ADVANCED_FACE('',(#2491),#2612,.F.);
#2746=ADVANCED_FACE('',(#2492),#2613,.F.);
#2747=ADVANCED_FACE('',(#2493),#2614,.T.);
#2748=ADVANCED_FACE('',(#2494),#2615,.F.);
#2749=ADVANCED_FACE('',(#2495),#2616,.T.);
#2750=ADVANCED_FACE('',(#2496),#2617,.T.);
#2751=ADVANCED_FACE('',(#2497),#2618,.F.);
#2752=ADVANCED_FACE('',(#2498),#2619,.F.);
#2753=ADVANCED_FACE('',(#2499),#2620,.T.);
#2754=ADVANCED_FACE('',(#2500),#2621,.T.);
#2755=ADVANCED_FACE('',(#2501),#2622,.T.);
#2756=ADVANCED_FACE('',(#2502),#2623,.F.);
#2757=ADVANCED_FACE('',(#2503),#2624,.T.);
#2758=ADVANCED_FACE('',(#2504),#2625,.T.);
#2759=CLOSED_SHELL('',(#2626,#2627,#2628,#2629,#2630,#2631,#2632,#2633,
#2634,#2635,#2636,#2637,#2638,#2639,#2640,#2641,#2642,#2643,#2644,#2645,
#2646,#2647,#2648,#2649,#2650,#2651,#2652,#2653,#2654,#2655,#2656,#2657,
#2658,#2659,#2660,#2661,#2662,#2663,#2664,#2665,#2666,#2667,#2668,#2669,
#2670,#2671,#2672,#2673,#2674,#2675,#2676,#2677,#2678,#2679,#2680,#2681,
#2682,#2683,#2684,#2685,#2686,#2687,#2688,#2689,#2690,#2691,#2692,#2693,
#2694,#2695,#2696,#2697,#2698,#2699,#2700,#2701,#2702,#2703,#2704,#2705,
#2706,#2707,#2708,#2709,#2710,#2711,#2712,#2713,#2714,#2715,#2716,#2717,
#2718,#2719,#2720,#2721,#2722,#2723,#2724,#2725,#2726,#2727,#2728,#2729,
#2730,#2731,#2732,#2733,#2734,#2735,#2736,#2737,#2738,#2739,#2740,#2741,
#2742,#2743,#2744,#2745,#2746,#2747,#2748,#2749,#2750,#2751,#2752,#2753,
#2754,#2755,#2756,#2757,#2758));
#2760=STYLED_ITEM('',(#2761),#2768);
#2761=PRESENTATION_STYLE_ASSIGNMENT((#2762));
#2762=SURFACE_STYLE_USAGE(.BOTH.,#2763);
#2763=SURFACE_SIDE_STYLE('',(#2764));
#2764=SURFACE_STYLE_FILL_AREA(#2765);
#2765=FILL_AREA_STYLE('',(#2766));
#2766=FILL_AREA_STYLE_COLOUR('',#2767);
#2767=COLOUR_RGB('',0.615686274509804,0.811764705882353,0.929411764705882);
#2768=MANIFOLD_SOLID_BREP('body',#2759);
#2769=SHAPE_DEFINITION_REPRESENTATION(#4359,#2770);
#2770=SHAPE_REPRESENTATION('body',(#2771),#4354);
#2771=AXIS2_PLACEMENT_3D('',#3592,#2925,#2926);
#2772=AXIS2_PLACEMENT_3D('',#3593,#2927,#2928);
#2773=AXIS2_PLACEMENT_3D('',#3770,#3017,#3018);
#2774=AXIS2_PLACEMENT_3D('',#3947,#3107,#3108);
#2775=AXIS2_PLACEMENT_3D('',#3977,#3124,#3125);
#2776=AXIS2_PLACEMENT_3D('',#3994,#3134,#3135);
#2777=AXIS2_PLACEMENT_3D('',#4003,#3140,#3141);
#2778=AXIS2_PLACEMENT_3D('',#4007,#3143,#3144);
#2779=AXIS2_PLACEMENT_3D('',#4011,#3146,#3147);
#2780=AXIS2_PLACEMENT_3D('',#4012,#3148,#3149);
#2781=AXIS2_PLACEMENT_3D('',#4016,#3151,#3152);
#2782=AXIS2_PLACEMENT_3D('',#4017,#3153,#3154);
#2783=AXIS2_PLACEMENT_3D('',#4021,#3157,#3158);
#2784=AXIS2_PLACEMENT_3D('',#4022,#3159,#3160);
#2785=AXIS2_PLACEMENT_3D('',#4023,#3161,#3162);
#2786=AXIS2_PLACEMENT_3D('',#4026,#3164,#3165);
#2787=AXIS2_PLACEMENT_3D('',#4027,#3166,#3167);
#2788=AXIS2_PLACEMENT_3D('',#4031,#3169,#3170);
#2789=AXIS2_PLACEMENT_3D('',#4034,#3172,#3173);
#2790=AXIS2_PLACEMENT_3D('',#4035,#3174,#3175);
#2791=AXIS2_PLACEMENT_3D('',#4036,#3176,#3177);
#2792=AXIS2_PLACEMENT_3D('',#4037,#3178,#3179);
#2793=AXIS2_PLACEMENT_3D('',#4040,#3181,#3182);
#2794=AXIS2_PLACEMENT_3D('',#4041,#3183,#3184);
#2795=AXIS2_PLACEMENT_3D('',#4042,#3185,#3186);
#2796=AXIS2_PLACEMENT_3D('',#4043,#3187,#3188);
#2797=AXIS2_PLACEMENT_3D('',#4044,#3189,#3190);
#2798=AXIS2_PLACEMENT_3D('',#4047,#3192,#3193);
#2799=AXIS2_PLACEMENT_3D('',#4048,#3194,#3195);
#2800=AXIS2_PLACEMENT_3D('',#4049,#3196,#3197);
#2801=AXIS2_PLACEMENT_3D('',#4050,#3198,#3199);
#2802=AXIS2_PLACEMENT_3D('',#4051,#3200,#3201);
#2803=AXIS2_PLACEMENT_3D('',#4053,#3203,#3204);
#2804=AXIS2_PLACEMENT_3D('',#4054,#3205,#3206);
#2805=AXIS2_PLACEMENT_3D('',#4055,#3207,#3208);
#2806=AXIS2_PLACEMENT_3D('',#4057,#3210,#3211);
#2807=AXIS2_PLACEMENT_3D('',#4058,#3212,#3213);
#2808=AXIS2_PLACEMENT_3D('',#4062,#3215,#3216);
#2809=AXIS2_PLACEMENT_3D('',#4065,#3218,#3219);
#2810=AXIS2_PLACEMENT_3D('',#4066,#3220,#3221);
#2811=AXIS2_PLACEMENT_3D('',#4067,#3222,#3223);
#2812=AXIS2_PLACEMENT_3D('',#4073,#3227,#3228);
#2813=AXIS2_PLACEMENT_3D('',#4076,#3231,#3232);
#2814=AXIS2_PLACEMENT_3D('',#4085,#3237,#3238);
#2815=AXIS2_PLACEMENT_3D('',#4093,#3243,#3244);
#2816=AXIS2_PLACEMENT_3D('',#4101,#3249,#3250);
#2817=AXIS2_PLACEMENT_3D('',#4112,#3257,#3258);
#2818=AXIS2_PLACEMENT_3D('',#4129,#3268,#3269);
#2819=AXIS2_PLACEMENT_3D('',#4130,#3270,#3271);
#2820=AXIS2_PLACEMENT_3D('',#4133,#3274,#3275);
#2821=AXIS2_PLACEMENT_3D('',#4136,#3278,#3279);
#2822=AXIS2_PLACEMENT_3D('',#4137,#3280,#3281);
#2823=AXIS2_PLACEMENT_3D('',#4139,#3283,#3284);
#2824=AXIS2_PLACEMENT_3D('',#4141,#3286,#3287);
#2825=AXIS2_PLACEMENT_3D('',#4142,#3288,#3289);
#2826=AXIS2_PLACEMENT_3D('',#4143,#3290,#3291);
#2827=AXIS2_PLACEMENT_3D('',#4146,#3294,#3295);
#2828=AXIS2_PLACEMENT_3D('',#4148,#3297,#3298);
#2829=AXIS2_PLACEMENT_3D('',#4150,#3300,#3301);
#2830=AXIS2_PLACEMENT_3D('',#4151,#3302,#3303);
#2831=AXIS2_PLACEMENT_3D('',#4155,#3306,#3307);
#2832=AXIS2_PLACEMENT_3D('',#4159,#3310,#3311);
#2833=AXIS2_PLACEMENT_3D('',#4161,#3313,#3314);
#2834=AXIS2_PLACEMENT_3D('',#4162,#3315,#3316);
#2835=AXIS2_PLACEMENT_3D('',#4168,#3320,#3321);
#2836=AXIS2_PLACEMENT_3D('',#4172,#3324,#3325);
#2837=AXIS2_PLACEMENT_3D('',#4174,#3327,#3328);
#2838=AXIS2_PLACEMENT_3D('',#4178,#3331,#3332);
#2839=AXIS2_PLACEMENT_3D('',#4182,#3335,#3336);
#2840=AXIS2_PLACEMENT_3D('',#4184,#3338,#3339);
#2841=AXIS2_PLACEMENT_3D('',#4185,#3340,#3341);
#2842=AXIS2_PLACEMENT_3D('',#4188,#3344,#3345);
#2843=AXIS2_PLACEMENT_3D('',#4190,#3347,#3348);
#2844=AXIS2_PLACEMENT_3D('',#4192,#3350,#3351);
#2845=AXIS2_PLACEMENT_3D('',#4193,#3352,#3353);
#2846=AXIS2_PLACEMENT_3D('',#4196,#3356,#3357);
#2847=AXIS2_PLACEMENT_3D('',#4198,#3359,#3360);
#2848=AXIS2_PLACEMENT_3D('',#4200,#3362,#3363);
#2849=AXIS2_PLACEMENT_3D('',#4201,#3364,#3365);
#2850=AXIS2_PLACEMENT_3D('',#4204,#3368,#3369);
#2851=AXIS2_PLACEMENT_3D('',#4206,#3371,#3372);
#2852=AXIS2_PLACEMENT_3D('',#4208,#3374,#3375);
#2853=AXIS2_PLACEMENT_3D('',#4209,#3376,#3377);
#2854=AXIS2_PLACEMENT_3D('',#4212,#3380,#3381);
#2855=AXIS2_PLACEMENT_3D('',#4214,#3383,#3384);
#2856=AXIS2_PLACEMENT_3D('',#4216,#3386,#3387);
#2857=AXIS2_PLACEMENT_3D('',#4217,#3388,#3389);
#2858=AXIS2_PLACEMENT_3D('',#4220,#3392,#3393);
#2859=AXIS2_PLACEMENT_3D('',#4222,#3395,#3396);
#2860=AXIS2_PLACEMENT_3D('',#4224,#3398,#3399);
#2861=AXIS2_PLACEMENT_3D('',#4225,#3400,#3401);
#2862=AXIS2_PLACEMENT_3D('',#4228,#3404,#3405);
#2863=AXIS2_PLACEMENT_3D('',#4230,#3407,#3408);
#2864=AXIS2_PLACEMENT_3D('',#4232,#3410,#3411);
#2865=AXIS2_PLACEMENT_3D('',#4233,#3412,#3413);
#2866=AXIS2_PLACEMENT_3D('',#4236,#3416,#3417);
#2867=AXIS2_PLACEMENT_3D('',#4238,#3419,#3420);
#2868=AXIS2_PLACEMENT_3D('',#4240,#3422,#3423);
#2869=AXIS2_PLACEMENT_3D('',#4241,#3424,#3425);
#2870=AXIS2_PLACEMENT_3D('',#4244,#3428,#3429);
#2871=AXIS2_PLACEMENT_3D('',#4246,#3431,#3432);
#2872=AXIS2_PLACEMENT_3D('',#4248,#3434,#3435);
#2873=AXIS2_PLACEMENT_3D('',#4249,#3436,#3437);
#2874=AXIS2_PLACEMENT_3D('',#4252,#3440,#3441);
#2875=AXIS2_PLACEMENT_3D('',#4254,#3443,#3444);
#2876=AXIS2_PLACEMENT_3D('',#4256,#3446,#3447);
#2877=AXIS2_PLACEMENT_3D('',#4257,#3448,#3449);
#2878=AXIS2_PLACEMENT_3D('',#4260,#3452,#3453);
#2879=AXIS2_PLACEMENT_3D('',#4262,#3455,#3456);
#2880=AXIS2_PLACEMENT_3D('',#4264,#3458,#3459);
#2881=AXIS2_PLACEMENT_3D('',#4265,#3460,#3461);
#2882=AXIS2_PLACEMENT_3D('',#4268,#3464,#3465);
#2883=AXIS2_PLACEMENT_3D('',#4270,#3467,#3468);
#2884=AXIS2_PLACEMENT_3D('',#4272,#3470,#3471);
#2885=AXIS2_PLACEMENT_3D('',#4273,#3472,#3473);
#2886=AXIS2_PLACEMENT_3D('',#4276,#3476,#3477);
#2887=AXIS2_PLACEMENT_3D('',#4278,#3479,#3480);
#2888=AXIS2_PLACEMENT_3D('',#4280,#3482,#3483);
#2889=AXIS2_PLACEMENT_3D('',#4281,#3484,#3485);
#2890=AXIS2_PLACEMENT_3D('',#4284,#3488,#3489);
#2891=AXIS2_PLACEMENT_3D('',#4286,#3491,#3492);
#2892=AXIS2_PLACEMENT_3D('',#4288,#3494,#3495);
#2893=AXIS2_PLACEMENT_3D('',#4289,#3496,#3497);
#2894=AXIS2_PLACEMENT_3D('',#4292,#3500,#3501);
#2895=AXIS2_PLACEMENT_3D('',#4294,#3503,#3504);
#2896=AXIS2_PLACEMENT_3D('',#4296,#3506,#3507);
#2897=AXIS2_PLACEMENT_3D('',#4297,#3508,#3509);
#2898=AXIS2_PLACEMENT_3D('',#4300,#3512,#3513);
#2899=AXIS2_PLACEMENT_3D('',#4302,#3515,#3516);
#2900=AXIS2_PLACEMENT_3D('',#4304,#3518,#3519);
#2901=AXIS2_PLACEMENT_3D('',#4305,#3520,#3521);
#2902=AXIS2_PLACEMENT_3D('',#4308,#3524,#3525);
#2903=AXIS2_PLACEMENT_3D('',#4310,#3527,#3528);
#2904=AXIS2_PLACEMENT_3D('',#4312,#3530,#3531);
#2905=AXIS2_PLACEMENT_3D('',#4313,#3532,#3533);
#2906=AXIS2_PLACEMENT_3D('',#4316,#3536,#3537);
#2907=AXIS2_PLACEMENT_3D('',#4318,#3539,#3540);
#2908=AXIS2_PLACEMENT_3D('',#4320,#3542,#3543);
#2909=AXIS2_PLACEMENT_3D('',#4321,#3544,#3545);
#2910=AXIS2_PLACEMENT_3D('',#4324,#3548,#3549);
#2911=AXIS2_PLACEMENT_3D('',#4326,#3551,#3552);
#2912=AXIS2_PLACEMENT_3D('',#4328,#3554,#3555);
#2913=AXIS2_PLACEMENT_3D('',#4329,#3556,#3557);
#2914=AXIS2_PLACEMENT_3D('',#4332,#3560,#3561);
#2915=AXIS2_PLACEMENT_3D('',#4334,#3563,#3564);
#2916=AXIS2_PLACEMENT_3D('',#4336,#3566,#3567);
#2917=AXIS2_PLACEMENT_3D('',#4337,#3568,#3569);
#2918=AXIS2_PLACEMENT_3D('',#4340,#3572,#3573);
#2919=AXIS2_PLACEMENT_3D('',#4342,#3575,#3576);
#2920=AXIS2_PLACEMENT_3D('',#4344,#3578,#3579);
#2921=AXIS2_PLACEMENT_3D('',#4345,#3580,#3581);
#2922=AXIS2_PLACEMENT_3D('',#4348,#3584,#3585);
#2923=AXIS2_PLACEMENT_3D('',#4350,#3587,#3588);
#2924=AXIS2_PLACEMENT_3D('',#4352,#3590,#3591);
#2925=DIRECTION('',(0.,0.,1.));
#2926=DIRECTION('',(1.,0.,0.));
#2927=DIRECTION('',(8.67361737988404E-17,-1.,0.));
#2928=DIRECTION('',(1.,8.67361737988404E-17,0.));
#2929=DIRECTION('',(0.,0.,1.));
#2930=DIRECTION('',(-1.,-8.67361737988404E-17,0.));
#2931=DIRECTION('',(0.,0.,1.));
#2932=DIRECTION('',(-1.,-8.67361737988404E-17,0.));
#2933=DIRECTION('',(0.,0.,-1.));
#2934=DIRECTION('',(-1.,-8.67361737988404E-17,0.));
#2935=DIRECTION('',(0.,0.,1.));
#2936=DIRECTION('',(-1.,-8.67361737988404E-17,0.));
#2937=DIRECTION('',(0.,0.,1.));
#2938=DIRECTION('',(-0.937822198790191,-8.13431092266766E-17,-0.347116008643122));
#2939=DIRECTION('',(0.,0.,1.));
#2940=DIRECTION('',(0.93782219879019,8.13431092266766E-17,-0.347116008643123));
#2941=DIRECTION('',(0.,0.,1.));
#2942=DIRECTION('',(-0.937822198790191,-8.13431092266766E-17,-0.347116008643122));
#2943=DIRECTION('',(0.,0.,1.));
#2944=DIRECTION('',(0.937822198790191,8.13431092266766E-17,-0.347116008643121));
#2945=DIRECTION('',(0.,0.,1.));
#2946=DIRECTION('',(-0.93782219879019,-8.13431092266765E-17,-0.347116008643125));
#2947=DIRECTION('',(0.,0.,1.));
#2948=DIRECTION('',(0.93782219879019,8.13431092266766E-17,-0.347116008643123));
#2949=DIRECTION('',(0.,0.,1.));
#2950=DIRECTION('',(-0.937822198790191,-8.13431092266766E-17,-0.347116008643122));
#2951=DIRECTION('',(0.,0.,1.));
#2952=DIRECTION('',(0.93782219879019,8.13431092266765E-17,-0.347116008643125));
#2953=DIRECTION('',(0.,0.,1.));
#2954=DIRECTION('',(-0.93782219879019,-8.13431092266766E-17,-0.347116008643123));
#2955=DIRECTION('',(0.,0.,1.));
#2956=DIRECTION('',(0.937822198790191,8.13431092266766E-17,-0.347116008643122));
#2957=DIRECTION('',(0.,0.,1.));
#2958=DIRECTION('',(-0.937822198790191,-8.13431092266766E-17,-0.347116008643122));
#2959=DIRECTION('',(0.,0.,1.));
#2960=DIRECTION('',(0.937822198790191,8.13431092266766E-17,-0.347116008643121));
#2961=DIRECTION('',(0.,0.,1.));
#2962=DIRECTION('',(-0.93782219879019,-8.13431092266766E-17,-0.347116008643123));
#2963=DIRECTION('',(0.,0.,1.));
#2964=DIRECTION('',(0.93782219879019,8.13431092266766E-17,-0.347116008643123));
#2965=DIRECTION('',(0.,0.,1.));
#2966=DIRECTION('',(-0.937822198790191,-8.13431092266766E-17,-0.347116008643122));
#2967=DIRECTION('',(0.,0.,1.));
#2968=DIRECTION('',(0.937822198790191,8.13431092266766E-17,-0.347116008643122));
#2969=DIRECTION('',(0.93782219879019,8.13431092266766E-17,-0.347116008643123));
#2970=DIRECTION('',(0.,0.,1.));
#2971=DIRECTION('',(-0.937822198790191,-8.13431092266766E-17,-0.347116008643123));
#2972=DIRECTION('',(0.,0.,1.));
#2973=DIRECTION('',(0.93782219879019,8.13431092266766E-17,-0.347116008643123));
#2974=DIRECTION('',(0.,0.,1.));
#2975=DIRECTION('',(-0.937822198790191,-8.13431092266766E-17,-0.347116008643122));
#2976=DIRECTION('',(0.,0.,1.));
#2977=DIRECTION('',(0.937822198790191,8.13431092266766E-17,-0.347116008643122));
#2978=DIRECTION('',(0.,0.,1.));
#2979=DIRECTION('',(-0.93782219879019,-8.13431092266766E-17,-0.347116008643123));
#2980=DIRECTION('',(0.,0.,1.));
#2981=DIRECTION('',(0.937822198790191,8.13431092266766E-17,-0.347116008643122));
#2982=DIRECTION('',(0.,0.,1.));
#2983=DIRECTION('',(-0.937822198790191,-8.13431092266766E-17,-0.347116008643122));
#2984=DIRECTION('',(0.,0.,1.));
#2985=DIRECTION('',(0.937822198790191,8.13431092266766E-17,-0.347116008643123));
#2986=DIRECTION('',(0.,0.,1.));
#2987=DIRECTION('',(-0.937822198790191,-8.13431092266766E-17,-0.347116008643122));
#2988=DIRECTION('',(0.,0.,1.));
#2989=DIRECTION('',(0.937822198790191,8.13431092266766E-17,-0.347116008643121));
#2990=DIRECTION('',(0.,0.,1.));
#2991=DIRECTION('',(-0.937822198790191,-8.13431092266766E-17,-0.347116008643122));
#2992=DIRECTION('',(0.,0.,1.));
#2993=DIRECTION('',(0.937822198790191,8.13431092266766E-17,-0.347116008643122));
#2994=DIRECTION('',(0.,0.,1.));
#2995=DIRECTION('',(-0.93782219879019,-8.13431092266766E-17,-0.347116008643123));
#2996=DIRECTION('',(0.,0.,1.));
#2997=DIRECTION('',(0.937822198790191,8.13431092266766E-17,-0.347116008643123));
#2998=DIRECTION('',(0.,0.,1.));
#2999=DIRECTION('',(-0.93782219879019,-8.13431092266766E-17,-0.347116008643123));
#3000=DIRECTION('',(0.,0.,1.));
#3001=DIRECTION('',(0.937822198790191,8.13431092266766E-17,-0.347116008643122));
#3002=DIRECTION('',(0.,0.,1.));
#3003=DIRECTION('',(-0.937822198790191,-8.13431092266766E-17,-0.347116008643122));
#3004=DIRECTION('',(0.,0.,1.));
#3005=DIRECTION('',(0.93782219879019,8.13431092266766E-17,-0.347116008643123));
#3006=DIRECTION('',(0.,0.,1.));
#3007=DIRECTION('',(-0.93782219879019,-8.13431092266766E-17,-0.347116008643123));
#3008=DIRECTION('',(0.,0.,1.));
#3009=DIRECTION('',(0.,0.,1.));
#3010=DIRECTION('',(-0.937822198790191,-8.13431092266766E-17,-0.347116008643122));
#3011=DIRECTION('',(0.,0.,1.));
#3012=DIRECTION('',(0.93782219879019,8.13431092266766E-17,-0.347116008643123));
#3013=DIRECTION('',(0.,0.,1.));
#3014=DIRECTION('',(-0.937822198790191,-8.13431092266766E-17,-0.347116008643121));
#3015=DIRECTION('',(0.,0.,1.));
#3016=DIRECTION('',(0.937822198790191,8.13431092266766E-17,-0.347116008643121));
#3017=DIRECTION('',(9.13012355777267E-17,-1.,0.));
#3018=DIRECTION('',(1.,9.13012355777267E-17,0.));
#3019=DIRECTION('',(-0.937822198790191,-8.56243255017649E-17,-0.347116008643122));
#3020=DIRECTION('',(0.,0.,1.));
#3021=DIRECTION('',(0.93782219879019,8.56243255017648E-17,-0.347116008643123));
#3022=DIRECTION('',(0.,0.,1.));
#3023=DIRECTION('',(0.,0.,1.));
#3024=DIRECTION('',(0.937822198790191,8.56243255017649E-17,-0.347116008643122));
#3025=DIRECTION('',(0.,0.,1.));
#3026=DIRECTION('',(-0.937822198790191,-8.56243255017649E-17,-0.347116008643122));
#3027=DIRECTION('',(0.,0.,1.));
#3028=DIRECTION('',(0.937822198790191,8.56243255017648E-17,-0.347116008643122));
#3029=DIRECTION('',(0.,0.,1.));
#3030=DIRECTION('',(-0.93782219879019,-8.56243255017648E-17,-0.347116008643123));
#3031=DIRECTION('',(0.,0.,1.));
#3032=DIRECTION('',(0.937822198790191,8.56243255017648E-17,-0.347116008643123));
#3033=DIRECTION('',(0.,0.,1.));
#3034=DIRECTION('',(-0.937822198790191,-8.56243255017648E-17,-0.347116008643122));
#3035=DIRECTION('',(0.,0.,1.));
#3036=DIRECTION('',(0.937822198790191,8.56243255017648E-17,-0.347116008643122));
#3037=DIRECTION('',(0.,0.,1.));
#3038=DIRECTION('',(-0.93782219879019,-8.56243255017648E-17,-0.347116008643123));
#3039=DIRECTION('',(0.,0.,1.));
#3040=DIRECTION('',(0.93782219879019,8.56243255017648E-17,-0.347116008643123));
#3041=DIRECTION('',(0.,0.,1.));
#3042=DIRECTION('',(-0.937822198790191,-8.56243255017648E-17,-0.347116008643123));
#3043=DIRECTION('',(-0.93782219879019,-8.56243255017648E-17,-0.347116008643123));
#3044=DIRECTION('',(0.,0.,1.));
#3045=DIRECTION('',(0.93782219879019,8.56243255017648E-17,-0.347116008643123));
#3046=DIRECTION('',(0.,0.,1.));
#3047=DIRECTION('',(-0.93782219879019,-8.56243255017648E-17,-0.347116008643123));
#3048=DIRECTION('',(0.,0.,1.));
#3049=DIRECTION('',(0.937822198790191,8.56243255017649E-17,-0.347116008643122));
#3050=DIRECTION('',(0.,0.,1.));
#3051=DIRECTION('',(-0.93782219879019,-8.56243255017648E-17,-0.347116008643125));
#3052=DIRECTION('',(0.,0.,1.));
#3053=DIRECTION('',(0.93782219879019,8.56243255017648E-17,-0.347116008643123));
#3054=DIRECTION('',(0.,0.,1.));
#3055=DIRECTION('',(-0.937822198790191,-8.56243255017648E-17,-0.347116008643122));
#3056=DIRECTION('',(0.,0.,1.));
#3057=DIRECTION('',(0.93782219879019,8.56243255017648E-17,-0.347116008643123));
#3058=DIRECTION('',(0.,0.,1.));
#3059=DIRECTION('',(0.,0.,-1.));
#3060=DIRECTION('',(1.,9.13012355777267E-17,0.));
#3061=DIRECTION('',(0.,0.,-1.));
#3062=DIRECTION('',(-1.,-9.13012355777267E-17,0.));
#3063=DIRECTION('',(-0.937822198790191,-8.56243255017649E-17,-0.347116008643122));
#3064=DIRECTION('',(0.,0.,1.));
#3065=DIRECTION('',(0.937822198790191,8.56243255017649E-17,-0.347116008643121));
#3066=DIRECTION('',(0.,0.,1.));
#3067=DIRECTION('',(-0.937822198790191,-8.56243255017649E-17,-0.347116008643122));
#3068=DIRECTION('',(0.,0.,1.));
#3069=DIRECTION('',(0.93782219879019,8.56243255017648E-17,-0.347116008643125));
#3070=DIRECTION('',(0.,0.,1.));
#3071=DIRECTION('',(-0.937822198790191,-8.56243255017649E-17,-0.347116008643122));
#3072=DIRECTION('',(0.,0.,1.));
#3073=DIRECTION('',(0.937822198790191,8.56243255017649E-17,-0.347116008643121));
#3074=DIRECTION('',(0.,0.,1.));
#3075=DIRECTION('',(-0.937822198790191,-8.56243255017649E-17,-0.347116008643122));
#3076=DIRECTION('',(0.,0.,1.));
#3077=DIRECTION('',(0.937822198790191,8.56243255017648E-17,-0.347116008643122));
#3078=DIRECTION('',(0.,0.,1.));
#3079=DIRECTION('',(0.,0.,1.));
#3080=DIRECTION('',(0.93782219879019,8.56243255017648E-17,-0.347116008643123));
#3081=DIRECTION('',(0.,0.,1.));
#3082=DIRECTION('',(-0.937822198790191,-8.56243255017648E-17,-0.347116008643122));
#3083=DIRECTION('',(0.,0.,1.));
#3084=DIRECTION('',(0.937822198790191,8.56243255017649E-17,-0.347116008643122));
#3085=DIRECTION('',(0.,0.,1.));
#3086=DIRECTION('',(-0.937822198790191,-8.56243255017649E-17,-0.347116008643122));
#3087=DIRECTION('',(0.,0.,1.));
#3088=DIRECTION('',(0.937822198790191,8.56243255017649E-17,-0.347116008643121));
#3089=DIRECTION('',(0.,0.,1.));
#3090=DIRECTION('',(-0.937822198790191,-8.56243255017649E-17,-0.347116008643122));
#3091=DIRECTION('',(0.,0.,1.));
#3092=DIRECTION('',(0.937822198790191,8.56243255017648E-17,-0.347116008643123));
#3093=DIRECTION('',(0.,0.,1.));
#3094=DIRECTION('',(-0.93782219879019,-8.56243255017648E-17,-0.347116008643123));
#3095=DIRECTION('',(0.,0.,1.));
#3096=DIRECTION('',(0.93782219879019,8.56243255017648E-17,-0.347116008643123));
#3097=DIRECTION('',(0.,0.,1.));
#3098=DIRECTION('',(-0.93782219879019,-8.56243255017648E-17,-0.347116008643123));
#3099=DIRECTION('',(-1.,-9.13012355777267E-17,0.));
#3100=DIRECTION('',(0.,0.,1.));
#3101=DIRECTION('',(-1.,-9.13012355777267E-17,0.));
#3102=DIRECTION('',(0.,0.,1.));
#3103=DIRECTION('',(-0.937822198790191,-8.56243255017649E-17,-0.347116008643121));
#3104=DIRECTION('',(0.,0.,1.));
#3105=DIRECTION('',(0.937822198790191,8.56243255017649E-17,-0.347116008643121));
#3106=DIRECTION('',(0.,0.,1.));
#3107=DIRECTION('',(-1.,-3.01691039300315E-16,0.));
#3108=DIRECTION('',(3.01691039300315E-16,-1.,0.));
#3109=DIRECTION('',(-3.01691039300315E-16,1.,0.));
#3110=DIRECTION('',(0.,0.,1.));
#3111=DIRECTION('',(2.77555756156289E-16,-1.,0.));
#3112=DIRECTION('',(0.,0.,-1.));
#3113=DIRECTION('',(-2.77555756156289E-16,1.,0.));
#3114=DIRECTION('',(-3.01691039300315E-16,1.,0.));
#3115=DIRECTION('',(0.,0.,-1.));
#3116=DIRECTION('',(-2.77555756156289E-16,1.,0.));
#3117=DIRECTION('',(0.,0.,-1.));
#3118=DIRECTION('',(-2.77555756156289E-16,1.,0.));
#3119=DIRECTION('',(0.,0.,-1.));
#3120=DIRECTION('',(-3.17952933393741E-32,1.05390247629211E-16,1.));
#3121=DIRECTION('',(3.01691039300315E-16,-1.,0.));
#3122=DIRECTION('',(-3.17952933393741E-32,1.05390247629211E-16,1.));
#3123=DIRECTION('',(3.01691039300315E-16,-1.,0.));
#3124=DIRECTION('',(-1.,-2.77555756156289E-16,0.));
#3125=DIRECTION('',(2.77555756156289E-16,-1.,0.));
#3126=DIRECTION('',(0.,0.,1.));
#3127=DIRECTION('',(-2.77555756156289E-16,1.,0.));
#3128=DIRECTION('',(0.,0.,-1.));
#3129=DIRECTION('',(-2.77555756156289E-16,1.,0.));
#3130=DIRECTION('',(2.77555756156289E-16,-1.,0.));
#3131=DIRECTION('',(-2.92516698722241E-32,1.05390247629211E-16,1.));
#3132=DIRECTION('',(2.77555756156289E-16,-1.,0.));
#3133=DIRECTION('',(-2.92516698722241E-32,1.05390247629211E-16,1.));
#3134=DIRECTION('',(-1.,-2.77555756156289E-16,0.));
#3135=DIRECTION('',(2.77555756156289E-16,-1.,0.));
#3136=DIRECTION('',(-2.77555756156289E-16,1.,0.));
#3137=DIRECTION('',(0.,0.,1.));
#3138=DIRECTION('',(2.77555756156289E-16,-1.,0.));
#3139=DIRECTION('',(0.,0.,-1.));
#3140=DIRECTION('',(0.,0.,-1.));
#3141=DIRECTION('',(-1.,0.,0.));
#3142=DIRECTION('',(0.,0.,-1.));
#3143=DIRECTION('',(0.,0.,-1.));
#3144=DIRECTION('',(-1.,0.,0.));
#3145=DIRECTION('',(0.,0.,-1.));
#3146=DIRECTION('',(0.,0.,-1.));
#3147=DIRECTION('',(-1.,0.,0.));
#3148=DIRECTION('',(0.,0.,-1.));
#3149=DIRECTION('',(-1.,0.,0.));
#3150=DIRECTION('',(0.,0.,-1.));
#3151=DIRECTION('',(0.,0.,1.));
#3152=DIRECTION('',(1.,0.,0.));
#3153=DIRECTION('',(0.,0.,1.));
#3154=DIRECTION('',(1.,0.,0.));
#3155=DIRECTION('',(1.,2.77555756156289E-16,0.));
#3156=DIRECTION('',(-1.,-8.67361737988404E-17,0.));
#3157=DIRECTION('',(0.,0.,1.));
#3158=DIRECTION('',(1.,0.,0.));
#3159=DIRECTION('',(0.,0.,1.));
#3160=DIRECTION('',(1.,0.,0.));
#3161=DIRECTION('',(0.,0.,1.));
#3162=DIRECTION('',(1.,0.,0.));
#3163=DIRECTION('',(1.,2.77555756156289E-16,0.));
#3164=DIRECTION('',(1.,8.67361737988404E-17,0.));
#3165=DIRECTION('',(-8.67361737988404E-17,1.,0.));
#3166=DIRECTION('',(1.,0.,0.));
#3167=DIRECTION('',(0.,0.,-1.));
#3168=DIRECTION('',(1.,8.67361737988404E-17,0.));
#3169=DIRECTION('',(1.,0.,0.));
#3170=DIRECTION('',(0.,0.,-1.));
#3171=DIRECTION('',(1.,8.67361737988404E-17,0.));
#3172=DIRECTION('',(0.,0.,1.));
#3173=DIRECTION('',(1.,0.,0.));
#3174=DIRECTION('',(0.,1.,0.));
#3175=DIRECTION('',(0.,0.,1.));
#3176=DIRECTION('',(0.,0.,-1.));
#3177=DIRECTION('',(-1.,0.,0.));
#3178=DIRECTION('',(2.77555756156289E-16,-1.,0.));
#3179=DIRECTION('',(1.,2.77555756156289E-16,0.));
#3180=DIRECTION('',(-2.77555756156289E-16,1.,0.));
#3181=DIRECTION('',(0.,1.,0.));
#3182=DIRECTION('',(0.,0.,1.));
#3183=DIRECTION('',(0.,0.,1.));
#3184=DIRECTION('',(1.,0.,0.));
#3185=DIRECTION('',(-1.,0.,0.));
#3186=DIRECTION('',(0.,0.,1.));
#3187=DIRECTION('',(0.,0.,-1.));
#3188=DIRECTION('',(-1.,0.,0.));
#3189=DIRECTION('',(1.,8.67361737988404E-17,0.));
#3190=DIRECTION('',(-8.67361737988404E-17,1.,0.));
#3191=DIRECTION('',(-1.,-8.67361737988404E-17,0.));
#3192=DIRECTION('',(-1.,0.,0.));
#3193=DIRECTION('',(0.,0.,1.));
#3194=DIRECTION('',(0.,0.,1.));
#3195=DIRECTION('',(1.,0.,0.));
#3196=DIRECTION('',(0.,-1.,0.));
#3197=DIRECTION('',(0.,0.,-1.));
#3198=DIRECTION('',(0.,0.,-1.));
#3199=DIRECTION('',(-1.,0.,0.));
#3200=DIRECTION('',(2.77555756156289E-16,-1.,0.));
#3201=DIRECTION('',(1.,2.77555756156289E-16,0.));
#3202=DIRECTION('',(2.77555756156289E-16,-1.,0.));
#3203=DIRECTION('',(0.,-1.,0.));
#3204=DIRECTION('',(0.,0.,-1.));
#3205=DIRECTION('',(0.,0.,1.));
#3206=DIRECTION('',(1.,0.,0.));
#3207=DIRECTION('',(0.,0.,-1.));
#3208=DIRECTION('',(-1.,0.,0.));
#3209=DIRECTION('',(0.,0.,1.));
#3210=DIRECTION('',(0.,0.,-1.));
#3211=DIRECTION('',(-1.,0.,0.));
#3212=DIRECTION('',(0.,0.,1.));
#3213=DIRECTION('',(1.,0.,0.));
#3214=DIRECTION('',(0.,0.,1.));
#3215=DIRECTION('',(0.,0.,-1.));
#3216=DIRECTION('',(-1.,0.,0.));
#3217=DIRECTION('',(0.,0.,-1.));
#3218=DIRECTION('',(0.,0.,-1.));
#3219=DIRECTION('',(-1.,0.,0.));
#3220=DIRECTION('',(8.67361737988404E-17,-1.,0.));
#3221=DIRECTION('',(1.,8.67361737988404E-17,0.));
#3222=DIRECTION('',(-1.,-3.01691039300315E-16,0.));
#3223=DIRECTION('',(3.01691039300315E-16,-1.,0.));
#3224=DIRECTION('',(3.01691039300315E-16,-1.,0.));
#3225=DIRECTION('',(0.,0.,-1.));
#3226=DIRECTION('',(-3.01691039300315E-16,1.,0.));
#3227=DIRECTION('',(9.13012355777267E-17,-1.,0.));
#3228=DIRECTION('',(1.,9.13012355777267E-17,0.));
#3229=DIRECTION('',(1.,9.13012355777267E-17,0.));
#3230=DIRECTION('',(-1.,-9.13012355777267E-17,0.));
#3231=DIRECTION('',(1.,3.01691039300315E-16,0.));
#3232=DIRECTION('',(-3.01691039300315E-16,1.,0.));
#3233=DIRECTION('',(3.01691039300315E-16,-1.,0.));
#3234=DIRECTION('',(0.,0.,-1.));
#3235=DIRECTION('',(3.01691039300315E-16,-1.,0.));
#3236=DIRECTION('',(0.,0.,-1.));
#3237=DIRECTION('',(0.,1.,0.));
#3238=DIRECTION('',(0.,0.,1.));
#3239=DIRECTION('',(1.,0.,0.));
#3240=DIRECTION('',(0.,0.,-1.));
#3241=DIRECTION('',(1.,0.,0.));
#3242=DIRECTION('',(0.,0.,-1.));
#3243=DIRECTION('',(-1.,0.,0.));
#3244=DIRECTION('',(0.,0.,1.));
#3245=DIRECTION('',(0.,0.,-1.));
#3246=DIRECTION('',(0.,0.,-1.));
#3247=DIRECTION('',(0.,1.,0.));
#3248=DIRECTION('',(0.,1.,0.));
#3249=DIRECTION('',(0.,-1.,0.));
#3250=DIRECTION('',(0.,0.,-1.));
#3251=DIRECTION('',(-1.,0.,0.));
#3252=DIRECTION('',(0.,0.,-1.));
#3253=DIRECTION('',(-1.,-1.16385003533514E-16,0.));
#3254=DIRECTION('',(0.,0.,-1.));
#3255=DIRECTION('',(-1.,0.,0.));
#3256=DIRECTION('',(-1.,0.,0.));
#3257=DIRECTION('',(0.,0.,1.));
#3258=DIRECTION('',(1.,0.,0.));
#3259=DIRECTION('',(0.,-1.,0.));
#3260=DIRECTION('',(-1.,0.,0.));
#3261=DIRECTION('',(0.,-1.,0.));
#3262=DIRECTION('',(-1.,0.,0.));
#3263=DIRECTION('',(0.,-1.,0.));
#3264=DIRECTION('',(-1.,0.,0.));
#3265=DIRECTION('',(0.,1.,0.));
#3266=DIRECTION('',(1.,0.,0.));
#3267=DIRECTION('',(0.,1.,0.));
#3268=DIRECTION('',(0.,0.,1.));
#3269=DIRECTION('',(1.,0.,0.));
#3270=DIRECTION('',(0.,0.,-1.));
#3271=DIRECTION('',(-1.,0.,0.));
#3272=DIRECTION('',(1.,2.77555756156289E-16,0.));
#3273=DIRECTION('',(1.,2.77555756156289E-16,0.));
#3274=DIRECTION('',(0.,0.,-1.));
#3275=DIRECTION('',(-1.,0.,0.));
#3276=DIRECTION('',(1.,2.77555756156289E-16,0.));
#3277=DIRECTION('',(1.,2.77555756156289E-16,0.));
#3278=DIRECTION('',(-2.77555756156289E-16,1.,0.));
#3279=DIRECTION('',(-1.,-2.77555756156289E-16,0.));
#3280=DIRECTION('',(2.77555756156289E-16,-1.,0.));
#3281=DIRECTION('',(1.,2.77555756156289E-16,0.));
#3282=DIRECTION('',(1.,2.77555756156289E-16,0.));
#3283=DIRECTION('',(0.,0.,1.));
#3284=DIRECTION('',(1.,0.,0.));
#3285=DIRECTION('',(1.,2.77555756156289E-16,0.));
#3286=DIRECTION('',(2.77555756156289E-16,-1.,0.));
#3287=DIRECTION('',(1.,2.77555756156289E-16,0.));
#3288=DIRECTION('',(2.77555756156289E-16,-1.,0.));
#3289=DIRECTION('',(1.,2.77555756156289E-16,0.));
#3290=DIRECTION('',(2.77555756156289E-16,-1.,1.05390247629211E-16));
#3291=DIRECTION('',(1.,2.77555756156289E-16,0.));
#3292=DIRECTION('',(-1.,-2.77555756156289E-16,0.));
#3293=DIRECTION('',(-1.,-2.77555756156289E-16,0.));
#3294=DIRECTION('',(0.,0.,-1.));
#3295=DIRECTION('',(-1.,0.,0.));
#3296=DIRECTION('',(-1.,-2.77555756156289E-16,0.));
#3297=DIRECTION('',(2.77555756156289E-16,-1.,1.05390247629211E-16));
#3298=DIRECTION('',(1.,2.77555756156289E-16,0.));
#3299=DIRECTION('',(-1.,-2.77555756156289E-16,0.));
#3300=DIRECTION('',(0.,0.,-1.));
#3301=DIRECTION('',(-1.,0.,0.));
#3302=DIRECTION('',(1.,0.,0.));
#3303=DIRECTION('',(0.,0.,-1.));
#3304=DIRECTION('',(0.,0.,-1.));
#3305=DIRECTION('',(0.,-1.,0.));
#3306=DIRECTION('',(1.,0.,0.));
#3307=DIRECTION('',(0.,0.,-1.));
#3308=DIRECTION('',(0.,0.,-1.));
#3309=DIRECTION('',(0.,-1.,0.));
#3310=DIRECTION('',(0.,-1.,0.));
#3311=DIRECTION('',(0.,0.,-1.));
#3312=DIRECTION('',(-1.,0.,0.));
#3313=DIRECTION('',(0.,0.,1.));
#3314=DIRECTION('',(1.,0.,0.));
#3315=DIRECTION('',(-1.,0.,0.));
#3316=DIRECTION('',(0.,0.,1.));
#3317=DIRECTION('',(0.,0.,-1.));
#3318=DIRECTION('',(0.,0.,-1.));
#3319=DIRECTION('',(0.,1.,0.));
#3320=DIRECTION('',(0.,1.,0.));
#3321=DIRECTION('',(0.,0.,1.));
#3322=DIRECTION('',(0.,0.,-1.));
#3323=DIRECTION('',(1.,0.,0.));
#3324=DIRECTION('',(-1.,0.,0.));
#3325=DIRECTION('',(0.,0.,1.));
#3326=DIRECTION('',(0.,1.,0.));
#3327=DIRECTION('',(0.,1.,0.));
#3328=DIRECTION('',(0.,0.,1.));
#3329=DIRECTION('',(0.,0.,-1.));
#3330=DIRECTION('',(1.,0.,0.));
#3331=DIRECTION('',(-1.,0.,0.));
#3332=DIRECTION('',(0.,0.,1.));
#3333=DIRECTION('',(0.,0.,-1.));
#3334=DIRECTION('',(0.,1.,0.));
#3335=DIRECTION('',(0.,1.,0.));
#3336=DIRECTION('',(0.,0.,1.));
#3337=DIRECTION('',(1.,0.,0.));
#3338=DIRECTION('',(0.,0.,1.));
#3339=DIRECTION('',(1.,0.,0.));
#3340=DIRECTION('',(-0.347116008643122,-3.01075144540296E-17,0.93782219879019));
#3341=DIRECTION('',(0.937822198790191,0.,0.347116008643122));
#3342=DIRECTION('',(8.67361737988404E-17,-1.,0.));
#3343=DIRECTION('',(8.67361737988404E-17,-1.,0.));
#3344=DIRECTION('',(1.,8.67361737988404E-17,0.));
#3345=DIRECTION('',(-8.67361737988404E-17,1.,0.));
#3346=DIRECTION('',(8.67361737988404E-17,-1.,0.));
#3347=DIRECTION('',(-0.347116008643123,-3.01075144540297E-17,-0.93782219879019));
#3348=DIRECTION('',(-0.93782219879019,0.,0.347116008643123));
#3349=DIRECTION('',(8.67361737988404E-17,-1.,0.));
#3350=DIRECTION('',(1.,8.67361737988404E-17,0.));
#3351=DIRECTION('',(-8.67361737988404E-17,1.,0.));
#3352=DIRECTION('',(-0.347116008643122,-3.01075144540296E-17,0.93782219879019));
#3353=DIRECTION('',(0.937822198790191,0.,0.347116008643122));
#3354=DIRECTION('',(8.67361737988404E-17,-1.,0.));
#3355=DIRECTION('',(8.67361737988404E-17,-1.,0.));
#3356=DIRECTION('',(1.,8.67361737988404E-17,0.));
#3357=DIRECTION('',(-8.67361737988404E-17,1.,0.));
#3358=DIRECTION('',(8.67361737988404E-17,-1.,0.));
#3359=DIRECTION('',(-0.347116008643121,-3.01075144540295E-17,-0.937822198790191));
#3360=DIRECTION('',(-0.937822198790191,0.,0.347116008643121));
#3361=DIRECTION('',(8.67361737988404E-17,-1.,0.));
#3362=DIRECTION('',(1.,8.67361737988404E-17,0.));
#3363=DIRECTION('',(-8.67361737988404E-17,1.,0.));
#3364=DIRECTION('',(-0.347116008643124,-3.01075144540298E-17,0.93782219879019));
#3365=DIRECTION('',(0.93782219879019,0.,0.347116008643124));
#3366=DIRECTION('',(8.67361737988404E-17,-1.,0.));
#3367=DIRECTION('',(8.67361737988404E-17,-1.,0.));
#3368=DIRECTION('',(1.,8.67361737988404E-17,0.));
#3369=DIRECTION('',(-8.67361737988404E-17,1.,0.));
#3370=DIRECTION('',(8.67361737988404E-17,-1.,0.));
#3371=DIRECTION('',(-0.347116008643123,-3.01075144540297E-17,-0.93782219879019));
#3372=DIRECTION('',(-0.93782219879019,0.,0.347116008643123));
#3373=DIRECTION('',(8.67361737988404E-17,-1.,0.));
#3374=DIRECTION('',(1.,8.67361737988404E-17,0.));
#3375=DIRECTION('',(-8.67361737988404E-17,1.,0.));
#3376=DIRECTION('',(-0.347116008643122,-3.01075144540296E-17,0.937822198790191));
#3377=DIRECTION('',(0.937822198790191,0.,0.347116008643122));
#3378=DIRECTION('',(8.67361737988404E-17,-1.,0.));
#3379=DIRECTION('',(8.67361737988404E-17,-1.,0.));
#3380=DIRECTION('',(1.,8.67361737988404E-17,0.));
#3381=DIRECTION('',(-8.67361737988404E-17,1.,0.));
#3382=DIRECTION('',(8.67361737988404E-17,-1.,0.));
#3383=DIRECTION('',(-0.347116008643125,-3.01075144540298E-17,-0.93782219879019));
#3384=DIRECTION('',(-0.93782219879019,0.,0.347116008643125));
#3385=DIRECTION('',(8.67361737988404E-17,-1.,0.));
#3386=DIRECTION('',(1.,8.67361737988404E-17,0.));
#3387=DIRECTION('',(-8.67361737988404E-17,1.,0.));
#3388=DIRECTION('',(-0.347116008643123,-3.01075144540297E-17,0.93782219879019));
#3389=DIRECTION('',(0.93782219879019,0.,0.347116008643123));
#3390=DIRECTION('',(8.67361737988404E-17,-1.,0.));
#3391=DIRECTION('',(8.67361737988404E-17,-1.,0.));
#3392=DIRECTION('',(1.,8.67361737988404E-17,0.));
#3393=DIRECTION('',(-8.67361737988404E-17,1.,0.));
#3394=DIRECTION('',(8.67361737988404E-17,-1.,0.));
#3395=DIRECTION('',(-0.347116008643122,-3.01075144540296E-17,-0.937822198790191));
#3396=DIRECTION('',(-0.937822198790191,0.,0.347116008643122));
#3397=DIRECTION('',(8.67361737988404E-17,-1.,0.));
#3398=DIRECTION('',(1.,8.67361737988404E-17,0.));
#3399=DIRECTION('',(-8.67361737988404E-17,1.,0.));
#3400=DIRECTION('',(-0.347116008643122,-3.01075144540296E-17,0.937822198790191));
#3401=DIRECTION('',(0.937822198790191,0.,0.347116008643122));
#3402=DIRECTION('',(8.67361737988404E-17,-1.,0.));
#3403=DIRECTION('',(8.67361737988404E-17,-1.,0.));
#3404=DIRECTION('',(1.,8.67361737988404E-17,0.));
#3405=DIRECTION('',(-8.67361737988404E-17,1.,0.));
#3406=DIRECTION('',(8.67361737988404E-17,-1.,0.));
#3407=DIRECTION('',(-0.347116008643121,-3.01075144540295E-17,-0.937822198790191));
#3408=DIRECTION('',(-0.937822198790191,0.,0.347116008643121));
#3409=DIRECTION('',(8.67361737988404E-17,-1.,0.));
#3410=DIRECTION('',(1.,8.67361737988404E-17,0.));
#3411=DIRECTION('',(-8.67361737988404E-17,1.,0.));
#3412=DIRECTION('',(-0.347116008643123,-3.01075144540297E-17,0.93782219879019));
#3413=DIRECTION('',(0.93782219879019,0.,0.347116008643123));
#3414=DIRECTION('',(8.67361737988404E-17,-1.,0.));
#3415=DIRECTION('',(8.67361737988404E-17,-1.,0.));
#3416=DIRECTION('',(1.,8.67361737988404E-17,0.));
#3417=DIRECTION('',(-8.67361737988404E-17,1.,0.));
#3418=DIRECTION('',(8.67361737988404E-17,-1.,0.));
#3419=DIRECTION('',(-0.347116008643123,-3.01075144540297E-17,-0.93782219879019));
#3420=DIRECTION('',(-0.93782219879019,0.,0.347116008643123));
#3421=DIRECTION('',(8.67361737988404E-17,-1.,0.));
#3422=DIRECTION('',(1.,8.67361737988404E-17,0.));
#3423=DIRECTION('',(-8.67361737988404E-17,1.,0.));
#3424=DIRECTION('',(-0.347116008643122,-3.01075144540296E-17,0.93782219879019));
#3425=DIRECTION('',(0.937822198790191,0.,0.347116008643122));
#3426=DIRECTION('',(8.67361737988404E-17,-1.,0.));
#3427=DIRECTION('',(8.67361737988404E-17,-1.,0.));
#3428=DIRECTION('',(1.,8.67361737988404E-17,0.));
#3429=DIRECTION('',(-8.67361737988404E-17,1.,0.));
#3430=DIRECTION('',(8.67361737988404E-17,-1.,0.));
#3431=DIRECTION('',(-0.347116008643122,-3.01075144540296E-17,-0.93782219879019));
#3432=DIRECTION('',(-0.937822198790191,0.,0.347116008643122));
#3433=DIRECTION('',(8.67361737988404E-17,-1.,0.));
#3434=DIRECTION('',(1.,8.67361737988404E-17,0.));
#3435=DIRECTION('',(-8.67361737988404E-17,1.,0.));
#3436=DIRECTION('',(1.,8.67361737988404E-17,0.));
#3437=DIRECTION('',(-8.67361737988404E-17,1.,0.));
#3438=DIRECTION('',(8.67361737988404E-17,-1.,0.));
#3439=DIRECTION('',(8.67361737988404E-17,-1.,0.));
#3440=DIRECTION('',(-0.347116008643123,-3.01075144540297E-17,-0.93782219879019));
#3441=DIRECTION('',(-0.93782219879019,0.,0.347116008643123));
#3442=DIRECTION('',(8.67361737988404E-17,-1.,0.));
#3443=DIRECTION('',(1.,8.67361737988404E-17,0.));
#3444=DIRECTION('',(-8.67361737988404E-17,1.,0.));
#3445=DIRECTION('',(8.67361737988404E-17,-1.,0.));
#3446=DIRECTION('',(-0.347116008643122,-3.01075144540296E-17,0.93782219879019));
#3447=DIRECTION('',(0.93782219879019,0.,0.347116008643122));
#3448=DIRECTION('',(1.,8.67361737988404E-17,0.));
#3449=DIRECTION('',(-8.67361737988404E-17,1.,0.));
#3450=DIRECTION('',(8.67361737988404E-17,-1.,0.));
#3451=DIRECTION('',(8.67361737988404E-17,-1.,0.));
#3452=DIRECTION('',(-0.347116008643123,-3.01075144540297E-17,-0.93782219879019));
#3453=DIRECTION('',(-0.93782219879019,0.,0.347116008643123));
#3454=DIRECTION('',(8.67361737988404E-17,-1.,0.));
#3455=DIRECTION('',(1.,8.67361737988404E-17,0.));
#3456=DIRECTION('',(-8.67361737988404E-17,1.,0.));
#3457=DIRECTION('',(8.67361737988404E-17,-1.,0.));
#3458=DIRECTION('',(-0.347116008643122,-3.01075144540296E-17,0.93782219879019));
#3459=DIRECTION('',(0.937822198790191,0.,0.347116008643122));
#3460=DIRECTION('',(1.,8.67361737988404E-17,0.));
#3461=DIRECTION('',(-8.67361737988404E-17,1.,0.));
#3462=DIRECTION('',(8.67361737988404E-17,-1.,0.));
#3463=DIRECTION('',(8.67361737988404E-17,-1.,0.));
#3464=DIRECTION('',(-0.347116008643122,-3.01075144540296E-17,-0.93782219879019));
#3465=DIRECTION('',(-0.937822198790191,0.,0.347116008643122));
#3466=DIRECTION('',(8.67361737988404E-17,-1.,0.));
#3467=DIRECTION('',(1.,8.67361737988404E-17,0.));
#3468=DIRECTION('',(-8.67361737988404E-17,1.,0.));
#3469=DIRECTION('',(8.67361737988404E-17,-1.,0.));
#3470=DIRECTION('',(-0.347116008643123,-3.01075144540297E-17,0.93782219879019));
#3471=DIRECTION('',(0.93782219879019,0.,0.347116008643123));
#3472=DIRECTION('',(1.,8.67361737988404E-17,0.));
#3473=DIRECTION('',(-8.67361737988404E-17,1.,0.));
#3474=DIRECTION('',(8.67361737988404E-17,-1.,0.));
#3475=DIRECTION('',(8.67361737988404E-17,-1.,0.));
#3476=DIRECTION('',(-0.347116008643122,-3.01075144540296E-17,-0.937822198790191));
#3477=DIRECTION('',(-0.937822198790191,0.,0.347116008643122));
#3478=DIRECTION('',(8.67361737988404E-17,-1.,0.));
#3479=DIRECTION('',(1.,8.67361737988404E-17,0.));
#3480=DIRECTION('',(-8.67361737988404E-17,1.,0.));
#3481=DIRECTION('',(8.67361737988404E-17,-1.,0.));
#3482=DIRECTION('',(-0.347116008643122,-3.01075144540296E-17,0.937822198790191));
#3483=DIRECTION('',(0.937822198790191,0.,0.347116008643122));
#3484=DIRECTION('',(1.,8.67361737988404E-17,0.));
#3485=DIRECTION('',(-8.67361737988404E-17,1.,0.));
#3486=DIRECTION('',(8.67361737988404E-17,-1.,0.));
#3487=DIRECTION('',(8.67361737988404E-17,-1.,0.));
#3488=DIRECTION('',(-0.347116008643123,-3.01075144540296E-17,-0.93782219879019));
#3489=DIRECTION('',(-0.93782219879019,0.,0.347116008643123));
#3490=DIRECTION('',(8.67361737988404E-17,-1.,0.));
#3491=DIRECTION('',(1.,8.67361737988404E-17,0.));
#3492=DIRECTION('',(-8.67361737988404E-17,1.,0.));
#3493=DIRECTION('',(8.67361737988404E-17,-1.,0.));
#3494=DIRECTION('',(-0.347116008643122,-3.01075144540296E-17,0.93782219879019));
#3495=DIRECTION('',(0.937822198790191,0.,0.347116008643122));
#3496=DIRECTION('',(1.,8.67361737988404E-17,0.));
#3497=DIRECTION('',(-8.67361737988404E-17,1.,0.));
#3498=DIRECTION('',(8.67361737988404E-17,-1.,0.));
#3499=DIRECTION('',(8.67361737988404E-17,-1.,0.));
#3500=DIRECTION('',(-0.347116008643121,-3.01075144540295E-17,-0.937822198790191));
#3501=DIRECTION('',(-0.937822198790191,0.,0.347116008643121));
#3502=DIRECTION('',(8.67361737988404E-17,-1.,0.));
#3503=DIRECTION('',(1.,8.67361737988404E-17,0.));
#3504=DIRECTION('',(-8.67361737988404E-17,1.,0.));
#3505=DIRECTION('',(8.67361737988404E-17,-1.,0.));
#3506=DIRECTION('',(-0.347116008643122,-3.01075144540296E-17,0.937822198790191));
#3507=DIRECTION('',(0.937822198790191,0.,0.347116008643122));
#3508=DIRECTION('',(1.,8.67361737988404E-17,0.));
#3509=DIRECTION('',(-8.67361737988404E-17,1.,0.));
#3510=DIRECTION('',(8.67361737988404E-17,-1.,0.));
#3511=DIRECTION('',(8.67361737988404E-17,-1.,0.));
#3512=DIRECTION('',(-0.347116008643122,-3.01075144540296E-17,-0.93782219879019));
#3513=DIRECTION('',(-0.937822198790191,0.,0.347116008643122));
#3514=DIRECTION('',(8.67361737988404E-17,-1.,0.));
#3515=DIRECTION('',(1.,8.67361737988404E-17,0.));
#3516=DIRECTION('',(-8.67361737988404E-17,1.,0.));
#3517=DIRECTION('',(8.67361737988404E-17,-1.,0.));
#3518=DIRECTION('',(-0.347116008643123,-3.01075144540297E-17,0.93782219879019));
#3519=DIRECTION('',(0.93782219879019,0.,0.347116008643123));
#3520=DIRECTION('',(1.,8.67361737988404E-17,0.));
#3521=DIRECTION('',(-8.67361737988404E-17,1.,0.));
#3522=DIRECTION('',(8.67361737988404E-17,-1.,0.));
#3523=DIRECTION('',(8.67361737988404E-17,-1.,0.));
#3524=DIRECTION('',(-0.347116008643123,-3.01075144540296E-17,-0.93782219879019));
#3525=DIRECTION('',(-0.93782219879019,0.,0.347116008643123));
#3526=DIRECTION('',(8.67361737988404E-17,-1.,0.));
#3527=DIRECTION('',(1.,8.67361737988404E-17,0.));
#3528=DIRECTION('',(-8.67361737988404E-17,1.,0.));
#3529=DIRECTION('',(8.67361737988404E-17,-1.,0.));
#3530=DIRECTION('',(-0.347116008643123,-3.01075144540297E-17,0.93782219879019));
#3531=DIRECTION('',(0.93782219879019,0.,0.347116008643123));
#3532=DIRECTION('',(1.,8.67361737988404E-17,0.));
#3533=DIRECTION('',(-8.67361737988404E-17,1.,0.));
#3534=DIRECTION('',(8.67361737988404E-17,-1.,0.));
#3535=DIRECTION('',(8.67361737988404E-17,-1.,0.));
#3536=DIRECTION('',(-0.347116008643122,-3.01075144540296E-17,-0.937822198790191));
#3537=DIRECTION('',(-0.937822198790191,0.,0.347116008643122));
#3538=DIRECTION('',(8.67361737988404E-17,-1.,0.));
#3539=DIRECTION('',(1.,8.67361737988404E-17,0.));
#3540=DIRECTION('',(-8.67361737988404E-17,1.,0.));
#3541=DIRECTION('',(8.67361737988404E-17,-1.,0.));
#3542=DIRECTION('',(-0.347116008643122,-3.01075144540296E-17,0.93782219879019));
#3543=DIRECTION('',(0.937822198790191,0.,0.347116008643122));
#3544=DIRECTION('',(1.,8.67361737988404E-17,0.));
#3545=DIRECTION('',(-8.67361737988404E-17,1.,0.));
#3546=DIRECTION('',(8.67361737988404E-17,-1.,0.));
#3547=DIRECTION('',(8.67361737988404E-17,-1.,0.));
#3548=DIRECTION('',(-0.347116008643123,-3.01075144540297E-17,-0.93782219879019));
#3549=DIRECTION('',(-0.93782219879019,0.,0.347116008643123));
#3550=DIRECTION('',(8.67361737988404E-17,-1.,0.));
#3551=DIRECTION('',(1.,8.67361737988404E-17,0.));
#3552=DIRECTION('',(-8.67361737988404E-17,1.,0.));
#3553=DIRECTION('',(8.67361737988404E-17,-1.,0.));
#3554=DIRECTION('',(-0.347116008643123,-3.01075144540297E-17,0.93782219879019));
#3555=DIRECTION('',(0.93782219879019,0.,0.347116008643123));
#3556=DIRECTION('',(-0.347116008643122,-3.01075144540296E-17,0.937822198790191));
#3557=DIRECTION('',(0.937822198790191,0.,0.347116008643122));
#3558=DIRECTION('',(8.67361737988404E-17,-1.,0.));
#3559=DIRECTION('',(8.67361737988404E-17,-1.,0.));
#3560=DIRECTION('',(1.,8.67361737988404E-17,0.));
#3561=DIRECTION('',(-8.67361737988404E-17,1.,0.));
#3562=DIRECTION('',(8.67361737988404E-17,-1.,0.));
#3563=DIRECTION('',(-0.347116008643123,-3.01075144540297E-17,-0.93782219879019));
#3564=DIRECTION('',(-0.93782219879019,0.,0.347116008643123));
#3565=DIRECTION('',(8.67361737988404E-17,-1.,0.));
#3566=DIRECTION('',(1.,8.67361737988404E-17,0.));
#3567=DIRECTION('',(-8.67361737988404E-17,1.,0.));
#3568=DIRECTION('',(1.,8.67361737988404E-17,0.));
#3569=DIRECTION('',(-8.67361737988404E-17,1.,0.));
#3570=DIRECTION('',(8.67361737988404E-17,-1.,0.));
#3571=DIRECTION('',(8.67361737988404E-17,-1.,0.));
#3572=DIRECTION('',(0.,0.,1.));
#3573=DIRECTION('',(1.,0.,0.));
#3574=DIRECTION('',(8.67361737988404E-17,-1.,0.));
#3575=DIRECTION('',(1.,8.67361737988404E-17,0.));
#3576=DIRECTION('',(-8.67361737988404E-17,1.,0.));
#3577=DIRECTION('',(8.67361737988404E-17,-1.,0.));
#3578=DIRECTION('',(0.,0.,1.));
#3579=DIRECTION('',(1.,0.,0.));
#3580=DIRECTION('',(-0.347116008643121,-3.01075144540295E-17,0.937822198790191));
#3581=DIRECTION('',(0.937822198790191,0.,0.347116008643121));
#3582=DIRECTION('',(8.67361737988404E-17,-1.,0.));
#3583=DIRECTION('',(8.67361737988404E-17,-1.,0.));
#3584=DIRECTION('',(1.,8.67361737988404E-17,0.));
#3585=DIRECTION('',(-8.67361737988404E-17,1.,0.));
#3586=DIRECTION('',(8.67361737988404E-17,-1.,0.));
#3587=DIRECTION('',(-0.347116008643121,-3.01075144540295E-17,-0.937822198790191));
#3588=DIRECTION('',(-0.937822198790191,0.,0.347116008643121));
#3589=DIRECTION('',(8.67361737988404E-17,-1.,0.));
#3590=DIRECTION('',(1.,8.67361737988404E-17,0.));
#3591=DIRECTION('',(-8.67361737988404E-17,1.,0.));
#3592=CARTESIAN_POINT('',(0.,0.,0.));
#3593=CARTESIAN_POINT('',(6.93889390390723E-18,-0.025,0.03));
#3594=CARTESIAN_POINT('',(0.0005,-0.025,0.03));
#3595=CARTESIAN_POINT('',(0.0005,-0.025,0.00725));
#3596=CARTESIAN_POINT('',(0.0005,-0.025,0.02425));
#3597=CARTESIAN_POINT('',(6.93889390390723E-18,-0.025,0.00725));
#3598=CARTESIAN_POINT('',(-0.000500000000000006,-0.025,0.00725));
#3599=CARTESIAN_POINT('',(-0.0005,-0.025,0.03));
#3600=CARTESIAN_POINT('',(-0.0005,-0.025,0.02425));
#3601=CARTESIAN_POINT('',(6.93889390390723E-18,-0.025,0.02425));
#3602=CARTESIAN_POINT('',(-0.0385,-0.025,0.03));
#3603=CARTESIAN_POINT('',(-0.0385,-0.025,0.03));
#3604=CARTESIAN_POINT('',(-0.0385,-0.025,0.0015));
#3605=CARTESIAN_POINT('',(2.16840434497101E-18,-0.025,0.0015));
#3606=CARTESIAN_POINT('',(0.0385,-0.025,0.0015));
#3607=CARTESIAN_POINT('',(0.0385,-0.025,0.03));
#3608=CARTESIAN_POINT('',(0.0385,-0.025,0.03));
#3609=CARTESIAN_POINT('',(6.93889390390723E-18,-0.025,0.03));
#3610=CARTESIAN_POINT('',(-0.0175,-0.025,0.03));
#3611=CARTESIAN_POINT('',(-0.0175,-0.025,0.00927272727272727));
#3612=CARTESIAN_POINT('',(-0.0175,-0.025,0.0222272727272728));
#3613=CARTESIAN_POINT('',(0.0046388466530688,-0.025,0.0174669757092528));
#3614=CARTESIAN_POINT('',(-0.0185,-0.025,0.0089025974025974));
#3615=CARTESIAN_POINT('',(-0.0185,-0.025,0.03));
#3616=CARTESIAN_POINT('',(-0.0185,-0.025,0.0225974025974026));
#3617=CARTESIAN_POINT('',(-0.0046388466530688,-0.025,0.0174669757092528));
#3618=CARTESIAN_POINT('',(-0.0155,-0.025,0.03));
#3619=CARTESIAN_POINT('',(-0.0155,-0.025,0.010012987012987));
#3620=CARTESIAN_POINT('',(-0.0155,-0.025,0.021487012987013));
#3621=CARTESIAN_POINT('',(0.0046388466530688,-0.025,0.0174669757092528));
#3622=CARTESIAN_POINT('',(-0.0165,-0.025,0.00964285714285714));
#3623=CARTESIAN_POINT('',(-0.0165,-0.025,0.03));
#3624=CARTESIAN_POINT('',(-0.0165,-0.025,0.0218571428571428));
#3625=CARTESIAN_POINT('',(-0.00463884665306877,-0.025,0.0174669757092528));
#3626=CARTESIAN_POINT('',(-0.0135,-0.025,0.03));
#3627=CARTESIAN_POINT('',(-0.0135,-0.025,0.0107532467532467));
#3628=CARTESIAN_POINT('',(-0.0135,-0.025,0.0207467532467532));
#3629=CARTESIAN_POINT('',(0.00463884665306881,-0.025,0.0174669757092528));
#3630=CARTESIAN_POINT('',(-0.0145,-0.025,0.0103831168831169));
#3631=CARTESIAN_POINT('',(-0.0145,-0.025,0.03));
#3632=CARTESIAN_POINT('',(-0.0145,-0.025,0.0211168831168832));
#3633=CARTESIAN_POINT('',(-0.0046388466530688,-0.025,0.0174669757092528));
#3634=CARTESIAN_POINT('',(-0.0115,-0.025,0.03));
#3635=CARTESIAN_POINT('',(-0.0115,-0.025,0.0114935064935065));
#3636=CARTESIAN_POINT('',(-0.0115,-0.025,0.0200064935064935));
#3637=CARTESIAN_POINT('',(0.0046388466530688,-0.025,0.0174669757092527));
#3638=CARTESIAN_POINT('',(-0.0125,-0.025,0.0111233766233766));
#3639=CARTESIAN_POINT('',(-0.0125,-0.025,0.03));
#3640=CARTESIAN_POINT('',(-0.0125,-0.025,0.0203766233766234));
#3641=CARTESIAN_POINT('',(-0.00463884665306883,-0.025,0.0174669757092528));
#3642=CARTESIAN_POINT('',(-0.0095,-0.025,0.03));
#3643=CARTESIAN_POINT('',(-0.0095,-0.025,0.0122337662337662));
#3644=CARTESIAN_POINT('',(-0.0095,-0.025,0.0192662337662338));
#3645=CARTESIAN_POINT('',(0.00463884665306881,-0.025,0.0174669757092528));
#3646=CARTESIAN_POINT('',(-0.0105,-0.025,0.0118636363636364));
#3647=CARTESIAN_POINT('',(-0.0105,-0.025,0.03));
#3648=CARTESIAN_POINT('',(-0.0105,-0.025,0.0196363636363636));
#3649=CARTESIAN_POINT('',(-0.00463884665306878,-0.025,0.0174669757092528));
#3650=CARTESIAN_POINT('',(-0.0075,-0.025,0.03));
#3651=CARTESIAN_POINT('',(-0.0075,-0.025,0.012974025974026));
#3652=CARTESIAN_POINT('',(-0.0075,-0.025,0.018525974025974));
#3653=CARTESIAN_POINT('',(0.0046388466530688,-0.025,0.0174669757092527));
#3654=CARTESIAN_POINT('',(-0.0085,-0.025,0.0126038961038961));
#3655=CARTESIAN_POINT('',(-0.0085,-0.025,0.03));
#3656=CARTESIAN_POINT('',(-0.0085,-0.025,0.0188961038961039));
#3657=CARTESIAN_POINT('',(-0.00463884665306877,-0.025,0.0174669757092528));
#3658=CARTESIAN_POINT('',(-0.0055,-0.025,0.03));
#3659=CARTESIAN_POINT('',(-0.0055,-0.025,0.0137142857142857));
#3660=CARTESIAN_POINT('',(-0.0055,-0.025,0.0177857142857143));
#3661=CARTESIAN_POINT('',(0.00463884665306881,-0.025,0.0174669757092528));
#3662=CARTESIAN_POINT('',(-0.0065,-0.025,0.0133441558441558));
#3663=CARTESIAN_POINT('',(-0.0065,-0.025,0.03));
#3664=CARTESIAN_POINT('',(-0.0065,-0.025,0.0181558441558442));
#3665=CARTESIAN_POINT('',(-0.0046388466530688,-0.025,0.0174669757092528));
#3666=CARTESIAN_POINT('',(-0.0035,-0.025,0.03));
#3667=CARTESIAN_POINT('',(-0.0035,-0.025,0.0144545454545454));
#3668=CARTESIAN_POINT('',(-0.0035,-0.025,0.0170454545454546));
#3669=CARTESIAN_POINT('',(0.0046388466530688,-0.025,0.0174669757092528));
#3670=CARTESIAN_POINT('',(-0.0045,-0.025,0.0140844155844156));
#3671=CARTESIAN_POINT('',(-0.0045,-0.025,0.03));
#3672=CARTESIAN_POINT('',(-0.0045,-0.025,0.0174155844155844));
#3673=CARTESIAN_POINT('',(-0.00463884665306879,-0.025,0.0174669757092528));
#3674=CARTESIAN_POINT('',(-0.0046388466530688,-0.025,0.0174669757092528));
#3675=CARTESIAN_POINT('',(0.0035,-0.025,0.0144545454545455));
#3676=CARTESIAN_POINT('',(0.0045,-0.025,0.0140844155844156));
#3677=CARTESIAN_POINT('',(0.0035,-0.025,0.03));
#3678=CARTESIAN_POINT('',(0.0035,-0.025,0.0170454545454546));
#3679=CARTESIAN_POINT('',(0.00463884665306881,-0.025,0.0174669757092528));
#3680=CARTESIAN_POINT('',(0.0045,-0.025,0.0174155844155844));
#3681=CARTESIAN_POINT('',(0.0045,-0.025,0.03));
#3682=CARTESIAN_POINT('',(-0.00463884665306879,-0.025,0.0174669757092528));
#3683=CARTESIAN_POINT('',(0.0055,-0.025,0.0137142857142857));
#3684=CARTESIAN_POINT('',(0.0065,-0.025,0.0133441558441558));
#3685=CARTESIAN_POINT('',(0.0055,-0.025,0.03));
#3686=CARTESIAN_POINT('',(0.0055,-0.025,0.0177857142857143));
#3687=CARTESIAN_POINT('',(0.0046388466530688,-0.025,0.0174669757092528));
#3688=CARTESIAN_POINT('',(0.0065,-0.025,0.0181558441558442));
#3689=CARTESIAN_POINT('',(0.0065,-0.025,0.03));
#3690=CARTESIAN_POINT('',(-0.00463884665306879,-0.025,0.0174669757092528));
#3691=CARTESIAN_POINT('',(0.0075,-0.025,0.012974025974026));
#3692=CARTESIAN_POINT('',(0.0085,-0.025,0.0126038961038961));
#3693=CARTESIAN_POINT('',(0.0075,-0.025,0.03));
#3694=CARTESIAN_POINT('',(0.0075,-0.025,0.018525974025974));
#3695=CARTESIAN_POINT('',(0.00463884665306881,-0.025,0.0174669757092528));
#3696=CARTESIAN_POINT('',(0.0085,-0.025,0.0188961038961039));
#3697=CARTESIAN_POINT('',(0.0085,-0.025,0.03));
#3698=CARTESIAN_POINT('',(-0.00463884665306879,-0.025,0.0174669757092528));
#3699=CARTESIAN_POINT('',(0.0095,-0.025,0.0122337662337662));
#3700=CARTESIAN_POINT('',(0.0105,-0.025,0.0118636363636364));
#3701=CARTESIAN_POINT('',(0.0095,-0.025,0.03));
#3702=CARTESIAN_POINT('',(0.0095,-0.025,0.0192662337662338));
#3703=CARTESIAN_POINT('',(0.00463884665306879,-0.025,0.0174669757092528));
#3704=CARTESIAN_POINT('',(0.0105,-0.025,0.0196363636363636));
#3705=CARTESIAN_POINT('',(0.0105,-0.025,0.03));
#3706=CARTESIAN_POINT('',(-0.00463884665306879,-0.025,0.0174669757092528));
#3707=CARTESIAN_POINT('',(0.0115,-0.025,0.0114935064935065));
#3708=CARTESIAN_POINT('',(0.0125,-0.025,0.0111233766233766));
#3709=CARTESIAN_POINT('',(0.0115,-0.025,0.03));
#3710=CARTESIAN_POINT('',(0.0115,-0.025,0.0200064935064935));
#3711=CARTESIAN_POINT('',(0.0046388466530688,-0.025,0.0174669757092528));
#3712=CARTESIAN_POINT('',(0.0125,-0.025,0.0203766233766234));
#3713=CARTESIAN_POINT('',(0.0125,-0.025,0.03));
#3714=CARTESIAN_POINT('',(-0.00463884665306878,-0.025,0.0174669757092527));
#3715=CARTESIAN_POINT('',(0.0135,-0.025,0.0107532467532467));
#3716=CARTESIAN_POINT('',(0.0145,-0.025,0.0103831168831169));
#3717=CARTESIAN_POINT('',(0.0135,-0.025,0.03));
#3718=CARTESIAN_POINT('',(0.0135,-0.025,0.0207467532467532));
#3719=CARTESIAN_POINT('',(0.00463884665306879,-0.025,0.0174669757092528));
#3720=CARTESIAN_POINT('',(0.0145,-0.025,0.0211168831168831));
#3721=CARTESIAN_POINT('',(0.0145,-0.025,0.03));
#3722=CARTESIAN_POINT('',(-0.00463884665306879,-0.025,0.0174669757092528));
#3723=CARTESIAN_POINT('',(0.0155,-0.025,0.010012987012987));
#3724=CARTESIAN_POINT('',(0.0165,-0.025,0.00964285714285714));
#3725=CARTESIAN_POINT('',(0.0155,-0.025,0.03));
#3726=CARTESIAN_POINT('',(0.0155,-0.025,0.021487012987013));
#3727=CARTESIAN_POINT('',(0.00463884665306881,-0.025,0.0174669757092528));
#3728=CARTESIAN_POINT('',(0.0165,-0.025,0.0218571428571428));
#3729=CARTESIAN_POINT('',(0.0165,-0.025,0.03));
#3730=CARTESIAN_POINT('',(-0.00463884665306879,-0.025,0.0174669757092528));
#3731=CARTESIAN_POINT('',(0.0175,-0.025,0.00927272727272727));
#3732=CARTESIAN_POINT('',(0.0185,-0.025,0.00890259740259741));
#3733=CARTESIAN_POINT('',(0.0175,-0.025,0.03));
#3734=CARTESIAN_POINT('',(0.0175,-0.025,0.0222272727272727));
#3735=CARTESIAN_POINT('',(0.00463884665306881,-0.025,0.0174669757092528));
#3736=CARTESIAN_POINT('',(0.0185,-0.025,0.0225974025974026));
#3737=CARTESIAN_POINT('',(0.0185,-0.025,0.03));
#3738=CARTESIAN_POINT('',(-0.00463884665306879,-0.025,0.0174669757092527));
#3739=CARTESIAN_POINT('',(0.0195,-0.025,0.00853246753246753));
#3740=CARTESIAN_POINT('',(0.0205,-0.025,0.00816233766233766));
#3741=CARTESIAN_POINT('',(0.0195,-0.025,0.03));
#3742=CARTESIAN_POINT('',(0.0195,-0.025,0.0229675324675324));
#3743=CARTESIAN_POINT('',(0.0046388466530688,-0.025,0.0174669757092528));
#3744=CARTESIAN_POINT('',(0.0205,-0.025,0.0233376623376623));
#3745=CARTESIAN_POINT('',(0.0205,-0.025,0.03));
#3746=CARTESIAN_POINT('',(-0.0046388466530688,-0.025,0.0174669757092528));
#3747=CARTESIAN_POINT('',(0.0015,-0.025,0.0151948051948052));
#3748=CARTESIAN_POINT('',(0.0025,-0.025,0.0148246753246753));
#3749=CARTESIAN_POINT('',(0.0015,-0.025,0.03));
#3750=CARTESIAN_POINT('',(0.0015,-0.025,0.0163051948051948));
#3751=CARTESIAN_POINT('',(0.00463884665306881,-0.025,0.0174669757092528));
#3752=CARTESIAN_POINT('',(0.0025,-0.025,0.0166753246753247));
#3753=CARTESIAN_POINT('',(0.0025,-0.025,0.03));
#3754=CARTESIAN_POINT('',(-0.0015,-0.025,0.03));
#3755=CARTESIAN_POINT('',(-0.0015,-0.025,0.0151948051948052));
#3756=CARTESIAN_POINT('',(-0.0015,-0.025,0.0163051948051948));
#3757=CARTESIAN_POINT('',(0.0046388466530688,-0.025,0.0174669757092528));
#3758=CARTESIAN_POINT('',(-0.0025,-0.025,0.0148246753246753));
#3759=CARTESIAN_POINT('',(-0.0025,-0.025,0.03));
#3760=CARTESIAN_POINT('',(-0.0025,-0.025,0.0166753246753247));
#3761=CARTESIAN_POINT('',(-0.0046388466530688,-0.025,0.0174669757092528));
#3762=CARTESIAN_POINT('',(-0.0195,-0.025,0.03));
#3763=CARTESIAN_POINT('',(-0.0195,-0.025,0.00853246753246752));
#3764=CARTESIAN_POINT('',(-0.0195,-0.025,0.0229675324675324));
#3765=CARTESIAN_POINT('',(0.0046388466530688,-0.025,0.0174669757092527));
#3766=CARTESIAN_POINT('',(-0.0205,-0.025,0.00816233766233766));
#3767=CARTESIAN_POINT('',(-0.0205,-0.025,0.03));
#3768=CARTESIAN_POINT('',(-0.0205,-0.025,0.0233376623376623));
#3769=CARTESIAN_POINT('',(-0.00463884665306876,-0.025,0.0174669757092528));
#3770=CARTESIAN_POINT('',(6.93889390390723E-18,-0.023,0.03));
#3771=CARTESIAN_POINT('',(0.0046388466530688,-0.023,0.0174669757092528));
#3772=CARTESIAN_POINT('',(-0.0015,-0.023,0.0151948051948052));
#3773=CARTESIAN_POINT('',(-0.0025,-0.023,0.0148246753246753));
#3774=CARTESIAN_POINT('',(-0.0015,-0.023,0.03));
#3775=CARTESIAN_POINT('',(-0.0015,-0.023,0.0163051948051948));
#3776=CARTESIAN_POINT('',(-0.0046388466530688,-0.023,0.0174669757092528));
#3777=CARTESIAN_POINT('',(-0.0025,-0.023,0.0166753246753247));
#3778=CARTESIAN_POINT('',(-0.0025,-0.023,0.03));
#3779=CARTESIAN_POINT('',(0.0195,-0.023,0.03));
#3780=CARTESIAN_POINT('',(0.0195,-0.023,0.00853246753246753));
#3781=CARTESIAN_POINT('',(0.0195,-0.023,0.0229675324675324));
#3782=CARTESIAN_POINT('',(-0.00463884665306879,-0.023,0.0174669757092527));
#3783=CARTESIAN_POINT('',(0.0205,-0.023,0.00816233766233766));
#3784=CARTESIAN_POINT('',(0.0205,-0.023,0.03));
#3785=CARTESIAN_POINT('',(0.0205,-0.023,0.0233376623376623));
#3786=CARTESIAN_POINT('',(0.0046388466530688,-0.023,0.0174669757092528));
#3787=CARTESIAN_POINT('',(0.0155,-0.023,0.03));
#3788=CARTESIAN_POINT('',(0.0155,-0.023,0.010012987012987));
#3789=CARTESIAN_POINT('',(0.0155,-0.023,0.021487012987013));
#3790=CARTESIAN_POINT('',(-0.00463884665306879,-0.023,0.0174669757092528));
#3791=CARTESIAN_POINT('',(0.0165,-0.023,0.00964285714285714));
#3792=CARTESIAN_POINT('',(0.0165,-0.023,0.03));
#3793=CARTESIAN_POINT('',(0.0165,-0.023,0.0218571428571428));
#3794=CARTESIAN_POINT('',(0.00463884665306881,-0.023,0.0174669757092528));
#3795=CARTESIAN_POINT('',(0.0115,-0.023,0.03));
#3796=CARTESIAN_POINT('',(0.0115,-0.023,0.0114935064935065));
#3797=CARTESIAN_POINT('',(0.0115,-0.023,0.0200064935064935));
#3798=CARTESIAN_POINT('',(-0.00463884665306879,-0.023,0.0174669757092528));
#3799=CARTESIAN_POINT('',(0.0125,-0.023,0.0111233766233766));
#3800=CARTESIAN_POINT('',(0.0125,-0.023,0.03));
#3801=CARTESIAN_POINT('',(0.0125,-0.023,0.0203766233766234));
#3802=CARTESIAN_POINT('',(0.0046388466530688,-0.023,0.0174669757092528));
#3803=CARTESIAN_POINT('',(0.0075,-0.023,0.03));
#3804=CARTESIAN_POINT('',(0.0075,-0.023,0.012974025974026));
#3805=CARTESIAN_POINT('',(0.0075,-0.023,0.018525974025974));
#3806=CARTESIAN_POINT('',(-0.00463884665306879,-0.023,0.0174669757092528));
#3807=CARTESIAN_POINT('',(0.0085,-0.023,0.0126038961038961));
#3808=CARTESIAN_POINT('',(0.0085,-0.023,0.03));
#3809=CARTESIAN_POINT('',(0.0085,-0.023,0.0188961038961039));
#3810=CARTESIAN_POINT('',(0.00463884665306881,-0.023,0.0174669757092528));
#3811=CARTESIAN_POINT('',(0.0035,-0.023,0.03));
#3812=CARTESIAN_POINT('',(0.0035,-0.023,0.0144545454545455));
#3813=CARTESIAN_POINT('',(0.0035,-0.023,0.0170454545454546));
#3814=CARTESIAN_POINT('',(-0.0046388466530688,-0.023,0.0174669757092528));
#3815=CARTESIAN_POINT('',(0.0045,-0.023,0.0140844155844156));
#3816=CARTESIAN_POINT('',(0.0045,-0.023,0.03));
#3817=CARTESIAN_POINT('',(0.0045,-0.023,0.0174155844155844));
#3818=CARTESIAN_POINT('',(0.00463884665306881,-0.023,0.0174669757092528));
#3819=CARTESIAN_POINT('',(0.00463884665306881,-0.023,0.0174669757092528));
#3820=CARTESIAN_POINT('',(-0.0055,-0.023,0.0137142857142857));
#3821=CARTESIAN_POINT('',(-0.0065,-0.023,0.0133441558441558));
#3822=CARTESIAN_POINT('',(-0.0055,-0.023,0.03));
#3823=CARTESIAN_POINT('',(-0.0055,-0.023,0.0177857142857143));
#3824=CARTESIAN_POINT('',(-0.0046388466530688,-0.023,0.0174669757092528));
#3825=CARTESIAN_POINT('',(-0.0065,-0.023,0.0181558441558442));
#3826=CARTESIAN_POINT('',(-0.0065,-0.023,0.03));
#3827=CARTESIAN_POINT('',(0.00463884665306881,-0.023,0.0174669757092528));
#3828=CARTESIAN_POINT('',(-0.0095,-0.023,0.0122337662337662));
#3829=CARTESIAN_POINT('',(-0.0105,-0.023,0.0118636363636364));
#3830=CARTESIAN_POINT('',(-0.0095,-0.023,0.03));
#3831=CARTESIAN_POINT('',(-0.0095,-0.023,0.0192662337662338));
#3832=CARTESIAN_POINT('',(-0.00463884665306878,-0.023,0.0174669757092528));
#3833=CARTESIAN_POINT('',(-0.0105,-0.023,0.0196363636363636));
#3834=CARTESIAN_POINT('',(-0.0105,-0.023,0.03));
#3835=CARTESIAN_POINT('',(0.00463884665306881,-0.023,0.0174669757092528));
#3836=CARTESIAN_POINT('',(-0.0135,-0.023,0.0107532467532467));
#3837=CARTESIAN_POINT('',(-0.0145,-0.023,0.0103831168831169));
#3838=CARTESIAN_POINT('',(-0.0135,-0.023,0.03));
#3839=CARTESIAN_POINT('',(-0.0135,-0.023,0.0207467532467532));
#3840=CARTESIAN_POINT('',(-0.0046388466530688,-0.023,0.0174669757092528));
#3841=CARTESIAN_POINT('',(-0.0145,-0.023,0.0211168831168831));
#3842=CARTESIAN_POINT('',(-0.0145,-0.023,0.03));
#3843=CARTESIAN_POINT('',(0.0046388466530688,-0.023,0.0174669757092528));
#3844=CARTESIAN_POINT('',(-0.0175,-0.023,0.00927272727272727));
#3845=CARTESIAN_POINT('',(-0.0185,-0.023,0.0089025974025974));
#3846=CARTESIAN_POINT('',(-0.0175,-0.023,0.03));
#3847=CARTESIAN_POINT('',(-0.0175,-0.023,0.0222272727272728));
#3848=CARTESIAN_POINT('',(-0.0046388466530688,-0.023,0.0174669757092528));
#3849=CARTESIAN_POINT('',(-0.0185,-0.023,0.0225974025974026));
#3850=CARTESIAN_POINT('',(-0.0185,-0.023,0.03));
#3851=CARTESIAN_POINT('',(-0.038,-0.023,0.03));
#3852=CARTESIAN_POINT('',(-0.038,-0.023,0.029));
#3853=CARTESIAN_POINT('',(-0.038,-0.023,0.0015));
#3854=CARTESIAN_POINT('',(6.93889390390723E-18,-0.023,0.029));
#3855=CARTESIAN_POINT('',(0.038,-0.023,0.029));
#3856=CARTESIAN_POINT('',(0.038,-0.023,0.03));
#3857=CARTESIAN_POINT('',(0.038,-0.023,0.0015));
#3858=CARTESIAN_POINT('',(6.93889390390723E-18,-0.023,0.0015));
#3859=CARTESIAN_POINT('',(0.0046388466530688,-0.023,0.0174669757092528));
#3860=CARTESIAN_POINT('',(-0.0155,-0.023,0.010012987012987));
#3861=CARTESIAN_POINT('',(-0.0165,-0.023,0.00964285714285714));
#3862=CARTESIAN_POINT('',(-0.0155,-0.023,0.03));
#3863=CARTESIAN_POINT('',(-0.0155,-0.023,0.021487012987013));
#3864=CARTESIAN_POINT('',(-0.00463884665306877,-0.023,0.0174669757092528));
#3865=CARTESIAN_POINT('',(-0.0165,-0.023,0.0218571428571428));
#3866=CARTESIAN_POINT('',(-0.0165,-0.023,0.03));
#3867=CARTESIAN_POINT('',(0.0046388466530688,-0.023,0.0174669757092527));
#3868=CARTESIAN_POINT('',(-0.0115,-0.023,0.0114935064935065));
#3869=CARTESIAN_POINT('',(-0.0125,-0.023,0.0111233766233766));
#3870=CARTESIAN_POINT('',(-0.0115,-0.023,0.03));
#3871=CARTESIAN_POINT('',(-0.0115,-0.023,0.0200064935064935));
#3872=CARTESIAN_POINT('',(-0.00463884665306883,-0.023,0.0174669757092528));
#3873=CARTESIAN_POINT('',(-0.0125,-0.023,0.0203766233766234));
#3874=CARTESIAN_POINT('',(-0.0125,-0.023,0.03));
#3875=CARTESIAN_POINT('',(0.0046388466530688,-0.023,0.0174669757092527));
#3876=CARTESIAN_POINT('',(-0.0075,-0.023,0.012974025974026));
#3877=CARTESIAN_POINT('',(-0.0085,-0.023,0.0126038961038961));
#3878=CARTESIAN_POINT('',(-0.0075,-0.023,0.03));
#3879=CARTESIAN_POINT('',(-0.0075,-0.023,0.018525974025974));
#3880=CARTESIAN_POINT('',(-0.00463884665306877,-0.023,0.0174669757092528));
#3881=CARTESIAN_POINT('',(-0.0085,-0.023,0.0188961038961039));
#3882=CARTESIAN_POINT('',(-0.0085,-0.023,0.03));
#3883=CARTESIAN_POINT('',(0.0046388466530688,-0.023,0.0174669757092528));
#3884=CARTESIAN_POINT('',(-0.0035,-0.023,0.0144545454545454));
#3885=CARTESIAN_POINT('',(-0.0045,-0.023,0.0140844155844156));
#3886=CARTESIAN_POINT('',(-0.0035,-0.023,0.03));
#3887=CARTESIAN_POINT('',(-0.0035,-0.023,0.0170454545454546));
#3888=CARTESIAN_POINT('',(-0.00463884665306879,-0.023,0.0174669757092528));
#3889=CARTESIAN_POINT('',(-0.0045,-0.023,0.0174155844155844));
#3890=CARTESIAN_POINT('',(-0.0045,-0.023,0.03));
#3891=CARTESIAN_POINT('',(0.0055,-0.023,0.03));
#3892=CARTESIAN_POINT('',(0.0055,-0.023,0.0137142857142857));
#3893=CARTESIAN_POINT('',(0.0055,-0.023,0.0177857142857143));
#3894=CARTESIAN_POINT('',(-0.00463884665306879,-0.023,0.0174669757092528));
#3895=CARTESIAN_POINT('',(0.0065,-0.023,0.0133441558441558));
#3896=CARTESIAN_POINT('',(0.0065,-0.023,0.03));
#3897=CARTESIAN_POINT('',(0.0065,-0.023,0.0181558441558442));
#3898=CARTESIAN_POINT('',(0.0046388466530688,-0.023,0.0174669757092528));
#3899=CARTESIAN_POINT('',(0.0095,-0.023,0.03));
#3900=CARTESIAN_POINT('',(0.0095,-0.023,0.0122337662337662));
#3901=CARTESIAN_POINT('',(0.0095,-0.023,0.0192662337662338));
#3902=CARTESIAN_POINT('',(-0.00463884665306879,-0.023,0.0174669757092528));
#3903=CARTESIAN_POINT('',(0.0105,-0.023,0.0118636363636364));
#3904=CARTESIAN_POINT('',(0.0105,-0.023,0.03));
#3905=CARTESIAN_POINT('',(0.0105,-0.023,0.0196363636363636));
#3906=CARTESIAN_POINT('',(0.00463884665306879,-0.023,0.0174669757092528));
#3907=CARTESIAN_POINT('',(0.0135,-0.023,0.03));
#3908=CARTESIAN_POINT('',(0.0135,-0.023,0.0107532467532467));
#3909=CARTESIAN_POINT('',(0.0135,-0.023,0.0207467532467532));
#3910=CARTESIAN_POINT('',(-0.00463884665306878,-0.023,0.0174669757092527));
#3911=CARTESIAN_POINT('',(0.0145,-0.023,0.0103831168831169));
#3912=CARTESIAN_POINT('',(0.0145,-0.023,0.03));
#3913=CARTESIAN_POINT('',(0.0145,-0.023,0.0211168831168831));
#3914=CARTESIAN_POINT('',(0.00463884665306879,-0.023,0.0174669757092528));
#3915=CARTESIAN_POINT('',(0.0175,-0.023,0.03));
#3916=CARTESIAN_POINT('',(0.0175,-0.023,0.00927272727272727));
#3917=CARTESIAN_POINT('',(0.0175,-0.023,0.0222272727272727));
#3918=CARTESIAN_POINT('',(-0.00463884665306879,-0.023,0.0174669757092528));
#3919=CARTESIAN_POINT('',(0.0185,-0.023,0.00890259740259741));
#3920=CARTESIAN_POINT('',(0.0185,-0.023,0.03));
#3921=CARTESIAN_POINT('',(0.0185,-0.023,0.0225974025974026));
#3922=CARTESIAN_POINT('',(0.00463884665306881,-0.023,0.0174669757092528));
#3923=CARTESIAN_POINT('',(0.0015,-0.023,0.03));
#3924=CARTESIAN_POINT('',(0.0015,-0.023,0.0151948051948052));
#3925=CARTESIAN_POINT('',(0.0015,-0.023,0.0163051948051948));
#3926=CARTESIAN_POINT('',(-0.0046388466530688,-0.023,0.0174669757092528));
#3927=CARTESIAN_POINT('',(0.0025,-0.023,0.0148246753246753));
#3928=CARTESIAN_POINT('',(0.0025,-0.023,0.03));
#3929=CARTESIAN_POINT('',(0.0025,-0.023,0.0166753246753247));
#3930=CARTESIAN_POINT('',(0.00463884665306881,-0.023,0.0174669757092528));
#3931=CARTESIAN_POINT('',(6.93889390390723E-18,-0.023,0.00725));
#3932=CARTESIAN_POINT('',(0.0005,-0.023,0.00725));
#3933=CARTESIAN_POINT('',(-0.000500000000000006,-0.023,0.00725));
#3934=CARTESIAN_POINT('',(0.0005,-0.023,0.03));
#3935=CARTESIAN_POINT('',(0.0005,-0.023,0.02425));
#3936=CARTESIAN_POINT('',(6.93889390390723E-18,-0.023,0.02425));
#3937=CARTESIAN_POINT('',(-0.0005,-0.023,0.02425));
#3938=CARTESIAN_POINT('',(-0.0005,-0.023,0.03));
#3939=CARTESIAN_POINT('',(0.0046388466530688,-0.023,0.0174669757092527));
#3940=CARTESIAN_POINT('',(-0.0195,-0.023,0.00853246753246752));
#3941=CARTESIAN_POINT('',(-0.0205,-0.023,0.00816233766233766));
#3942=CARTESIAN_POINT('',(-0.0195,-0.023,0.03));
#3943=CARTESIAN_POINT('',(-0.0195,-0.023,0.0229675324675324));
#3944=CARTESIAN_POINT('',(-0.00463884665306876,-0.023,0.0174669757092528));
#3945=CARTESIAN_POINT('',(-0.0205,-0.023,0.0233376623376623));
#3946=CARTESIAN_POINT('',(-0.0205,-0.023,0.03));
#3947=CARTESIAN_POINT('',(-0.038,-3.46944695195361E-18,0.03));
#3948=CARTESIAN_POINT('',(-0.038,-3.46944695195361E-18,0.03));
#3949=CARTESIAN_POINT('',(-0.038,-0.0235,0.03));
#3950=CARTESIAN_POINT('',(-0.038,0.0235,0.03));
#3951=CARTESIAN_POINT('',(-0.038,-0.0235,0.03));
#3952=CARTESIAN_POINT('',(-0.038,-0.0235,0.0295));
#3953=CARTESIAN_POINT('',(-0.038,-0.024,0.0295));
#3954=CARTESIAN_POINT('',(-0.038,-0.0245,0.0295));
#3955=CARTESIAN_POINT('',(-0.038,-0.0245,0.02925));
#3956=CARTESIAN_POINT('',(-0.038,-0.0245,0.029));
#3957=CARTESIAN_POINT('',(-0.038,0.024,0.029));
#3958=CARTESIAN_POINT('',(-0.038,-3.46944695195361E-18,0.0015));
#3959=CARTESIAN_POINT('',(-0.038,0.023,0.0015));
#3960=CARTESIAN_POINT('',(-0.038,0.023,0.03));
#3961=CARTESIAN_POINT('',(-0.038,0.023,0.029));
#3962=CARTESIAN_POINT('',(-0.038,0.024,0.029));
#3963=CARTESIAN_POINT('',(-0.038,0.0245,0.029));
#3964=CARTESIAN_POINT('',(-0.038,0.0245,0.02925));
#3965=CARTESIAN_POINT('',(-0.038,0.0245,0.0295));
#3966=CARTESIAN_POINT('',(-0.038,0.024,0.0295));
#3967=CARTESIAN_POINT('',(-0.038,0.0235,0.0295));
#3968=CARTESIAN_POINT('',(-0.038,0.0235,0.03));
#3969=CARTESIAN_POINT('',(-0.038,0.0112444446658714,0.03));
#3970=CARTESIAN_POINT('',(-0.038,0.0112444446658714,0.00800042942587106));
#3971=CARTESIAN_POINT('',(-0.038,0.0112444446658714,0.024460429425871));
#3972=CARTESIAN_POINT('',(-0.038,-3.46944695195361E-18,0.00800042942587105));
#3973=CARTESIAN_POINT('',(-0.038,-0.0102055553341286,0.00800042942587106));
#3974=CARTESIAN_POINT('',(-0.038,-0.0102055553341286,0.03));
#3975=CARTESIAN_POINT('',(-0.038,-0.0102055553341286,0.024460429425871));
#3976=CARTESIAN_POINT('',(-0.038,-3.46944695195361E-18,0.024460429425871));
#3977=CARTESIAN_POINT('',(-0.04,-6.93889390390723E-18,0.03));
#3978=CARTESIAN_POINT('',(-0.04,0.0235,0.03));
#3979=CARTESIAN_POINT('',(-0.04,0.0235,0.03));
#3980=CARTESIAN_POINT('',(-0.04,0.0235,0.0015));
#3981=CARTESIAN_POINT('',(-0.04,-1.11022302462516E-17,0.0015));
#3982=CARTESIAN_POINT('',(-0.04,-0.0235,0.0015));
#3983=CARTESIAN_POINT('',(-0.04,-0.0235,0.03));
#3984=CARTESIAN_POINT('',(-0.04,-0.0235,0.03));
#3985=CARTESIAN_POINT('',(-0.04,-6.93889390390723E-18,0.03));
#3986=CARTESIAN_POINT('',(-0.04,-6.93889390390723E-18,0.00800042942587105));
#3987=CARTESIAN_POINT('',(-0.04,0.0112444446658714,0.00800042942587106));
#3988=CARTESIAN_POINT('',(-0.04,-0.0102055553341286,0.00800042942587106));
#3989=CARTESIAN_POINT('',(-0.04,0.0112444446658714,0.03));
#3990=CARTESIAN_POINT('',(-0.04,0.0112444446658714,0.024460429425871));
#3991=CARTESIAN_POINT('',(-0.04,-6.93889390390723E-18,0.024460429425871));
#3992=CARTESIAN_POINT('',(-0.04,-0.0102055553341286,0.024460429425871));
#3993=CARTESIAN_POINT('',(-0.04,-0.0102055553341286,0.03));
#3994=CARTESIAN_POINT('',(0.04,3.46944695195361E-18,0.03));
#3995=CARTESIAN_POINT('',(0.04,0.024,0.029));
#3996=CARTESIAN_POINT('',(0.04,-0.0235,0.029));
#3997=CARTESIAN_POINT('',(0.04,0.0235,0.029));
#3998=CARTESIAN_POINT('',(0.04,-0.0235,0.03));
#3999=CARTESIAN_POINT('',(0.04,-0.0235,0.0015));
#4000=CARTESIAN_POINT('',(0.04,3.46944695195361E-18,0.0015));
#4001=CARTESIAN_POINT('',(0.04,0.0235,0.0015));
#4002=CARTESIAN_POINT('',(0.04,0.0235,0.03));
#4003=CARTESIAN_POINT('',(0.0385,0.0235,0.03));
#4004=CARTESIAN_POINT('',(0.04,0.0235,0.03));
#4005=CARTESIAN_POINT('',(0.04,0.0235,0.0295));
#4006=CARTESIAN_POINT('',(0.04,0.0235,0.03));
#4007=CARTESIAN_POINT('',(0.0385,0.0235,0.0295));
#4008=CARTESIAN_POINT('',(0.0396180339887499,0.0245,0.0295));
#4009=CARTESIAN_POINT('',(0.0396180339887499,0.0245,0.03));
#4010=CARTESIAN_POINT('',(0.0396180339887499,0.0245,0.029));
#4011=CARTESIAN_POINT('',(0.0385,0.0235,0.029));
#4012=CARTESIAN_POINT('',(0.0385,0.0235,0.0015));
#4013=CARTESIAN_POINT('',(0.0385,0.025,0.0015));
#4014=CARTESIAN_POINT('',(0.0385,0.025,0.03));
#4015=CARTESIAN_POINT('',(0.0385,0.025,0.03));
#4016=CARTESIAN_POINT('',(0.0385,0.0235,0.03));
#4017=CARTESIAN_POINT('',(0.,0.,0.03));
#4018=CARTESIAN_POINT('',(-0.038,0.0235,0.03));
#4019=CARTESIAN_POINT('',(-6.93889390390723E-18,0.025,0.03));
#4020=CARTESIAN_POINT('',(-0.0385,0.025,0.03));
#4021=CARTESIAN_POINT('',(-0.0385,0.0235,0.03));
#4022=CARTESIAN_POINT('',(-0.0385,-0.0235,0.03));
#4023=CARTESIAN_POINT('',(0.0385,-0.0235,0.03));
#4024=CARTESIAN_POINT('',(0.04,-0.0235,0.03));
#4025=CARTESIAN_POINT('',(-0.038,-0.0235,0.03));
#4026=CARTESIAN_POINT('',(-2.03830008427275E-18,0.0235,0.0015));
#4027=CARTESIAN_POINT('',(0.0385,0.0235,0.0015));
#4028=CARTESIAN_POINT('',(0.0385,0.0235,0.));
#4029=CARTESIAN_POINT('',(-2.03830008427275E-18,0.0235,0.));
#4030=CARTESIAN_POINT('',(-0.0385,0.0235,0.));
#4031=CARTESIAN_POINT('',(-0.0385,0.0235,0.0015));
#4032=CARTESIAN_POINT('',(-0.0385,0.025,0.0015));
#4033=CARTESIAN_POINT('',(-6.93889390390723E-18,0.025,0.0015));
#4034=CARTESIAN_POINT('',(-0.0385,0.0235,0.0015));
#4035=CARTESIAN_POINT('',(-0.0385,0.0235,0.0015));
#4036=CARTESIAN_POINT('',(-0.0385,0.0235,0.0015));
#4037=CARTESIAN_POINT('',(-0.0385,-1.06858966120171E-17,0.0015));
#4038=CARTESIAN_POINT('',(-0.0385,-1.06858966120171E-17,0.));
#4039=CARTESIAN_POINT('',(-0.0385,-0.0235,0.));
#4040=CARTESIAN_POINT('',(-0.0385,-0.0235,0.0015));
#4041=CARTESIAN_POINT('',(-0.0385,-0.0235,0.0015));
#4042=CARTESIAN_POINT('',(-0.0385,-0.0235,0.0015));
#4043=CARTESIAN_POINT('',(-0.0385,-0.0235,0.0015));
#4044=CARTESIAN_POINT('',(2.03830008427275E-18,-0.0235,0.0015));
#4045=CARTESIAN_POINT('',(2.03830008427275E-18,-0.0235,0.));
#4046=CARTESIAN_POINT('',(0.0385,-0.0235,0.));
#4047=CARTESIAN_POINT('',(0.0385,-0.0235,0.0015));
#4048=CARTESIAN_POINT('',(0.0385,-0.0235,0.0015));
#4049=CARTESIAN_POINT('',(0.0385,-0.0235,0.0015));
#4050=CARTESIAN_POINT('',(0.0385,-0.0235,0.0015));
#4051=CARTESIAN_POINT('',(0.0385,1.06858966120171E-17,0.0015));
#4052=CARTESIAN_POINT('',(0.0385,1.06858966120171E-17,0.));
#4053=CARTESIAN_POINT('',(0.0385,0.0235,0.0015));
#4054=CARTESIAN_POINT('',(0.0385,0.0235,0.0015));
#4055=CARTESIAN_POINT('',(-0.0385,0.0235,0.03));
#4056=CARTESIAN_POINT('',(-0.0385,0.025,0.03));
#4057=CARTESIAN_POINT('',(0.0385,-0.0235,0.03));
#4058=CARTESIAN_POINT('',(0.0385,-0.0235,0.0295));
#4059=CARTESIAN_POINT('',(0.04,-0.0235,0.0295));
#4060=CARTESIAN_POINT('',(0.0396180339887499,-0.0245,0.0295));
#4061=CARTESIAN_POINT('',(0.04,-0.0235,0.03));
#4062=CARTESIAN_POINT('',(0.0385,-0.0235,0.029));
#4063=CARTESIAN_POINT('',(0.0396180339887499,-0.0245,0.029));
#4064=CARTESIAN_POINT('',(0.0396180339887499,-0.0245,0.03));
#4065=CARTESIAN_POINT('',(-0.0385,-0.0235,0.03));
#4066=CARTESIAN_POINT('',(-6.93889390390723E-18,0.025,0.03));
#4067=CARTESIAN_POINT('',(0.038,3.46944695195361E-18,0.03));
#4068=CARTESIAN_POINT('',(0.038,3.46944695195361E-18,0.029));
#4069=CARTESIAN_POINT('',(0.038,0.023,0.029));
#4070=CARTESIAN_POINT('',(0.038,0.023,0.03));
#4071=CARTESIAN_POINT('',(0.038,0.023,0.0015));
#4072=CARTESIAN_POINT('',(0.038,3.46944695195361E-18,0.0015));
#4073=CARTESIAN_POINT('',(-6.93889390390723E-18,0.023,0.03));
#4074=CARTESIAN_POINT('',(-6.93889390390723E-18,0.023,0.029));
#4075=CARTESIAN_POINT('',(-6.93889390390723E-18,0.023,0.0015));
#4076=CARTESIAN_POINT('',(0.0072495063378638,-0.00748737765679968,0.0015));
#4077=CARTESIAN_POINT('',(0.0072495063378638,-0.00748737765679968,0.0015));
#4078=CARTESIAN_POINT('',(0.0072495063378638,0.00836262234320032,0.0015));
#4079=CARTESIAN_POINT('',(0.0072495063378638,-0.0132373776567997,0.0015));
#4080=CARTESIAN_POINT('',(0.0072495063378638,-0.0132373776567997,0.0015));
#4081=CARTESIAN_POINT('',(0.0072495063378638,-0.0132373776567997,0.));
#4082=CARTESIAN_POINT('',(0.0072495063378638,-0.00748737765679968,0.));
#4083=CARTESIAN_POINT('',(0.0072495063378638,0.00836262234320032,0.));
#4084=CARTESIAN_POINT('',(0.0072495063378638,0.00836262234320032,0.0015));
#4085=CARTESIAN_POINT('',(0.0211495063378638,0.00836262234320032,0.0015));
#4086=CARTESIAN_POINT('',(0.0211495063378638,0.00836262234320032,0.));
#4087=CARTESIAN_POINT('',(0.0350495063378638,0.00836262234320032,0.));
#4088=CARTESIAN_POINT('',(0.0350495063378638,0.00836262234320032,0.0015));
#4089=CARTESIAN_POINT('',(0.0350495063378638,0.00836262234320032,0.005));
#4090=CARTESIAN_POINT('',(0.0211495063378638,0.00836262234320032,0.005));
#4091=CARTESIAN_POINT('',(0.0072495063378638,0.00836262234320032,0.005));
#4092=CARTESIAN_POINT('',(0.0072495063378638,0.00836262234320032,0.005));
#4093=CARTESIAN_POINT('',(0.0350495063378638,0.00331262234320032,0.0015));
#4094=CARTESIAN_POINT('',(0.0350495063378638,-0.0132373776567997,0.0015));
#4095=CARTESIAN_POINT('',(0.0350495063378638,-0.0132373776567997,0.0015));
#4096=CARTESIAN_POINT('',(0.0350495063378638,-0.0132373776567997,0.));
#4097=CARTESIAN_POINT('',(0.0350495063378638,-0.0132373776567997,0.005));
#4098=CARTESIAN_POINT('',(0.0350495063378638,-0.0132373776567997,0.005));
#4099=CARTESIAN_POINT('',(0.0350495063378638,0.00331262234320032,0.005));
#4100=CARTESIAN_POINT('',(0.0350495063378638,0.00331262234320032,0.));
#4101=CARTESIAN_POINT('',(0.0186896352006184,-0.0132373776567997,0.0015));
#4102=CARTESIAN_POINT('',(0.0186896352006184,-0.0132373776567997,0.0015));
#4103=CARTESIAN_POINT('',(0.019060980528593,-0.0132373776567997,0.0015));
#4104=CARTESIAN_POINT('',(0.019060980528593,-0.0132373776567997,0.005));
#4105=CARTESIAN_POINT('',(0.019060980528593,-0.0132373776567997,0.005));
#4106=CARTESIAN_POINT('',(0.0265135020017624,-0.0132373776567997,0.005));
#4107=CARTESIAN_POINT('',(0.0339660234749317,-0.0132373776567997,0.005));
#4108=CARTESIAN_POINT('',(0.0339660234749317,-0.0132373776567997,0.005));
#4109=CARTESIAN_POINT('',(0.0339660234749317,-0.0132373776567997,0.0015));
#4110=CARTESIAN_POINT('',(0.0186896352006184,-0.0132373776567997,0.0015));
#4111=CARTESIAN_POINT('',(0.0186896352006184,-0.0132373776567997,0.));
#4112=CARTESIAN_POINT('',(0.,0.,0.0015));
#4113=CARTESIAN_POINT('',(0.0072495063378638,0.,0.0015));
#4114=CARTESIAN_POINT('',(0.0072495063378638,0.011602196842432,0.0015));
#4115=CARTESIAN_POINT('',(0.,0.011602196842432,0.0015));
#4116=CARTESIAN_POINT('',(0.0350495063378638,0.011602196842432,0.0015));
#4117=CARTESIAN_POINT('',(0.0350495063378638,0.,0.0015));
#4118=CARTESIAN_POINT('',(0.0350495063378638,0.0116026801988482,0.0015));
#4119=CARTESIAN_POINT('',(0.,0.0116026801988482,0.0015));
#4120=CARTESIAN_POINT('',(0.0372583009302616,0.0116026801988482,0.0015));
#4121=CARTESIAN_POINT('',(0.0372583009302616,0.,0.0015));
#4122=CARTESIAN_POINT('',(0.0372583009302616,-0.0132373776567997,0.0015));
#4123=CARTESIAN_POINT('',(0.,-0.0132373776567997,0.0015));
#4124=CARTESIAN_POINT('',(0.0339660234749317,0.,0.0015));
#4125=CARTESIAN_POINT('',(0.0339660234749317,-0.0147755434736609,0.0015));
#4126=CARTESIAN_POINT('',(0.,-0.0147755434736609,0.0015));
#4127=CARTESIAN_POINT('',(0.019060980528593,-0.0147755434736609,0.0015));
#4128=CARTESIAN_POINT('',(0.019060980528593,0.,0.0015));
#4129=CARTESIAN_POINT('',(0.,0.,0.));
#4130=CARTESIAN_POINT('',(-0.038,0.024,0.029));
#4131=CARTESIAN_POINT('',(-0.038,0.0245,0.029));
#4132=CARTESIAN_POINT('',(-0.038,-0.0245,0.029));
#4133=CARTESIAN_POINT('',(-0.038,0.024,0.0295));
#4134=CARTESIAN_POINT('',(-0.038,0.0235,0.0295));
#4135=CARTESIAN_POINT('',(-0.038,0.0245,0.0295));
#4136=CARTESIAN_POINT('',(-0.038,0.0235,0.03));
#4137=CARTESIAN_POINT('',(-0.038,-0.0235,0.03));
#4138=CARTESIAN_POINT('',(-0.038,-0.0235,0.0295));
#4139=CARTESIAN_POINT('',(-0.038,-0.024,0.0295));
#4140=CARTESIAN_POINT('',(-0.038,-0.0245,0.0295));
#4141=CARTESIAN_POINT('',(-0.038,-0.0245,0.02925));
#4142=CARTESIAN_POINT('',(-0.038,0.0245,0.02925));
#4143=CARTESIAN_POINT('',(-0.0375,0.0112444446658714,0.0162304294258711));
#4144=CARTESIAN_POINT('',(-0.0375,0.0112444446658714,0.024460429425871));
#4145=CARTESIAN_POINT('',(-0.0375,0.0112444446658714,0.00800042942587106));
#4146=CARTESIAN_POINT('',(-0.0375,0.000519444665871381,0.00800042942587106));
#4147=CARTESIAN_POINT('',(-0.0375,-0.0102055553341286,0.00800042942587106));
#4148=CARTESIAN_POINT('',(-0.0375,-0.0102055553341286,0.0162304294258711));
#4149=CARTESIAN_POINT('',(-0.0375,-0.0102055553341286,0.024460429425871));
#4150=CARTESIAN_POINT('',(-0.0375,0.000519444665871382,0.024460429425871));
#4151=CARTESIAN_POINT('',(0.0339660234749317,-0.0140064605652303,0.005));
#4152=CARTESIAN_POINT('',(0.0339660234749317,-0.0147755434736609,0.005));
#4153=CARTESIAN_POINT('',(0.0339660234749317,-0.0147755434736609,0.005));
#4154=CARTESIAN_POINT('',(0.0339660234749317,-0.0140064605652303,0.005));
#4155=CARTESIAN_POINT('',(0.019060980528593,-0.0140064605652303,0.005));
#4156=CARTESIAN_POINT('',(0.019060980528593,-0.0147755434736609,0.005));
#4157=CARTESIAN_POINT('',(0.019060980528593,-0.0147755434736609,0.005));
#4158=CARTESIAN_POINT('',(0.019060980528593,-0.0140064605652303,0.005));
#4159=CARTESIAN_POINT('',(0.0265135020017624,-0.0147755434736609,0.005));
#4160=CARTESIAN_POINT('',(0.0265135020017624,-0.0147755434736609,0.005));
#4161=CARTESIAN_POINT('',(0.,0.,0.005));
#4162=CARTESIAN_POINT('',(0.0350495063378638,0.0116024385206401,0.005));
#4163=CARTESIAN_POINT('',(0.0350495063378638,0.0116026801988482,0.005));
#4164=CARTESIAN_POINT('',(0.0350495063378638,0.0116026801988482,0.005));
#4165=CARTESIAN_POINT('',(0.0350495063378638,0.011602196842432,0.005));
#4166=CARTESIAN_POINT('',(0.0350495063378638,0.011602196842432,0.005));
#4167=CARTESIAN_POINT('',(0.0350495063378638,0.0116024385206401,0.005));
#4168=CARTESIAN_POINT('',(0.0211495063378638,0.011602196842432,0.005));
#4169=CARTESIAN_POINT('',(0.0072495063378638,0.011602196842432,0.005));
#4170=CARTESIAN_POINT('',(0.0072495063378638,0.011602196842432,0.005));
#4171=CARTESIAN_POINT('',(0.0211495063378638,0.011602196842432,0.005));
#4172=CARTESIAN_POINT('',(0.0072495063378638,0.00998240959281617,0.005));
#4173=CARTESIAN_POINT('',(0.0072495063378638,0.00998240959281617,0.005));
#4174=CARTESIAN_POINT('',(0.0361539036340627,-0.0132373776567997,0.005));
#4175=CARTESIAN_POINT('',(0.0372583009302616,-0.0132373776567997,0.005));
#4176=CARTESIAN_POINT('',(0.0372583009302616,-0.0132373776567997,0.005));
#4177=CARTESIAN_POINT('',(0.0361539036340627,-0.0132373776567997,0.005));
#4178=CARTESIAN_POINT('',(0.0372583009302616,-0.000817348728975716,0.005));
#4179=CARTESIAN_POINT('',(0.0372583009302616,0.0116026801988482,0.005));
#4180=CARTESIAN_POINT('',(0.0372583009302616,0.0116026801988482,0.005));
#4181=CARTESIAN_POINT('',(0.0372583009302616,-0.000817348728975716,0.005));
#4182=CARTESIAN_POINT('',(0.0361539036340627,0.0116026801988482,0.005));
#4183=CARTESIAN_POINT('',(0.0361539036340627,0.0116026801988482,0.005));
#4184=CARTESIAN_POINT('',(0.,0.,0.005));
#4185=CARTESIAN_POINT('',(-0.018,-0.0225,0.00908766233766233));
#4186=CARTESIAN_POINT('',(-0.0175,-0.0225,0.00927272727272727));
#4187=CARTESIAN_POINT('',(-0.0185,-0.0225,0.0089025974025974));
#4188=CARTESIAN_POINT('',(-0.0175,-0.0225,0.01575));
#4189=CARTESIAN_POINT('',(-0.0175,-0.0225,0.0222272727272728));
#4190=CARTESIAN_POINT('',(-0.018,-0.0225,0.0224123376623376));
#4191=CARTESIAN_POINT('',(-0.0185,-0.0225,0.0225974025974026));
#4192=CARTESIAN_POINT('',(-0.0185,-0.0225,0.01575));
#4193=CARTESIAN_POINT('',(-0.016,-0.0225,0.00982792207792207));
#4194=CARTESIAN_POINT('',(-0.0155,-0.0225,0.010012987012987));
#4195=CARTESIAN_POINT('',(-0.0165,-0.0225,0.00964285714285714));
#4196=CARTESIAN_POINT('',(-0.0155,-0.0225,0.01575));
#4197=CARTESIAN_POINT('',(-0.0155,-0.0225,0.021487012987013));
#4198=CARTESIAN_POINT('',(-0.016,-0.0225,0.021672077922078));
#4199=CARTESIAN_POINT('',(-0.0165,-0.0225,0.0218571428571428));
#4200=CARTESIAN_POINT('',(-0.0165,-0.0225,0.01575));
#4201=CARTESIAN_POINT('',(-0.014,-0.0225,0.0105681818181818));
#4202=CARTESIAN_POINT('',(-0.0135,-0.0225,0.0107532467532467));
#4203=CARTESIAN_POINT('',(-0.0145,-0.0225,0.0103831168831169));
#4204=CARTESIAN_POINT('',(-0.0135,-0.0225,0.01575));
#4205=CARTESIAN_POINT('',(-0.0135,-0.0225,0.0207467532467532));
#4206=CARTESIAN_POINT('',(-0.014,-0.0225,0.0209318181818182));
#4207=CARTESIAN_POINT('',(-0.0145,-0.0225,0.0211168831168831));
#4208=CARTESIAN_POINT('',(-0.0145,-0.0225,0.01575));
#4209=CARTESIAN_POINT('',(-0.012,-0.0225,0.0113084415584415));
#4210=CARTESIAN_POINT('',(-0.0115,-0.0225,0.0114935064935065));
#4211=CARTESIAN_POINT('',(-0.0125,-0.0225,0.0111233766233766));
#4212=CARTESIAN_POINT('',(-0.0115,-0.0225,0.01575));
#4213=CARTESIAN_POINT('',(-0.0115,-0.0225,0.0200064935064935));
#4214=CARTESIAN_POINT('',(-0.012,-0.0225,0.0201915584415585));
#4215=CARTESIAN_POINT('',(-0.0125,-0.0225,0.0203766233766234));
#4216=CARTESIAN_POINT('',(-0.0125,-0.0225,0.01575));
#4217=CARTESIAN_POINT('',(-0.01,-0.0225,0.0120487012987013));
#4218=CARTESIAN_POINT('',(-0.0095,-0.0225,0.0122337662337662));
#4219=CARTESIAN_POINT('',(-0.0105,-0.0225,0.0118636363636364));
#4220=CARTESIAN_POINT('',(-0.0095,-0.0225,0.01575));
#4221=CARTESIAN_POINT('',(-0.0095,-0.0225,0.0192662337662338));
#4222=CARTESIAN_POINT('',(-0.01,-0.0225,0.0194512987012987));
#4223=CARTESIAN_POINT('',(-0.0105,-0.0225,0.0196363636363636));
#4224=CARTESIAN_POINT('',(-0.0105,-0.0225,0.01575));
#4225=CARTESIAN_POINT('',(-0.008,-0.0225,0.012788961038961));
#4226=CARTESIAN_POINT('',(-0.0075,-0.0225,0.012974025974026));
#4227=CARTESIAN_POINT('',(-0.0085,-0.0225,0.0126038961038961));
#4228=CARTESIAN_POINT('',(-0.0075,-0.0225,0.01575));
#4229=CARTESIAN_POINT('',(-0.0075,-0.0225,0.018525974025974));
#4230=CARTESIAN_POINT('',(-0.008,-0.0225,0.0187110389610389));
#4231=CARTESIAN_POINT('',(-0.0085,-0.0225,0.0188961038961039));
#4232=CARTESIAN_POINT('',(-0.0085,-0.0225,0.01575));
#4233=CARTESIAN_POINT('',(-0.006,-0.0225,0.0135292207792208));
#4234=CARTESIAN_POINT('',(-0.0055,-0.0225,0.0137142857142857));
#4235=CARTESIAN_POINT('',(-0.0065,-0.0225,0.0133441558441558));
#4236=CARTESIAN_POINT('',(-0.0055,-0.0225,0.01575));
#4237=CARTESIAN_POINT('',(-0.0055,-0.0225,0.0177857142857143));
#4238=CARTESIAN_POINT('',(-0.006,-0.0225,0.0179707792207792));
#4239=CARTESIAN_POINT('',(-0.0065,-0.0225,0.0181558441558442));
#4240=CARTESIAN_POINT('',(-0.0065,-0.0225,0.01575));
#4241=CARTESIAN_POINT('',(-0.004,-0.0225,0.0142694805194805));
#4242=CARTESIAN_POINT('',(-0.0035,-0.0225,0.0144545454545454));
#4243=CARTESIAN_POINT('',(-0.0045,-0.0225,0.0140844155844156));
#4244=CARTESIAN_POINT('',(-0.0035,-0.0225,0.01575));
#4245=CARTESIAN_POINT('',(-0.0035,-0.0225,0.0170454545454546));
#4246=CARTESIAN_POINT('',(-0.004,-0.0225,0.0172305194805195));
#4247=CARTESIAN_POINT('',(-0.0045,-0.0225,0.0174155844155844));
#4248=CARTESIAN_POINT('',(-0.0045,-0.0225,0.01575));
#4249=CARTESIAN_POINT('',(0.0035,-0.0225,0.01575));
#4250=CARTESIAN_POINT('',(0.0035,-0.0225,0.0144545454545455));
#4251=CARTESIAN_POINT('',(0.0035,-0.0225,0.0170454545454546));
#4252=CARTESIAN_POINT('',(0.004,-0.0225,0.0142694805194805));
#4253=CARTESIAN_POINT('',(0.0045,-0.0225,0.0140844155844156));
#4254=CARTESIAN_POINT('',(0.0045,-0.0225,0.01575));
#4255=CARTESIAN_POINT('',(0.0045,-0.0225,0.0174155844155844));
#4256=CARTESIAN_POINT('',(0.004,-0.0225,0.0172305194805195));
#4257=CARTESIAN_POINT('',(0.0055,-0.0225,0.01575));
#4258=CARTESIAN_POINT('',(0.0055,-0.0225,0.0137142857142857));
#4259=CARTESIAN_POINT('',(0.0055,-0.0225,0.0177857142857143));
#4260=CARTESIAN_POINT('',(0.006,-0.0225,0.0135292207792208));
#4261=CARTESIAN_POINT('',(0.0065,-0.0225,0.0133441558441558));
#4262=CARTESIAN_POINT('',(0.0065,-0.0225,0.01575));
#4263=CARTESIAN_POINT('',(0.0065,-0.0225,0.0181558441558442));
#4264=CARTESIAN_POINT('',(0.006,-0.0225,0.0179707792207792));
#4265=CARTESIAN_POINT('',(0.0075,-0.0225,0.01575));
#4266=CARTESIAN_POINT('',(0.0075,-0.0225,0.012974025974026));
#4267=CARTESIAN_POINT('',(0.0075,-0.0225,0.018525974025974));
#4268=CARTESIAN_POINT('',(0.008,-0.0225,0.012788961038961));
#4269=CARTESIAN_POINT('',(0.0085,-0.0225,0.0126038961038961));
#4270=CARTESIAN_POINT('',(0.0085,-0.0225,0.01575));
#4271=CARTESIAN_POINT('',(0.0085,-0.0225,0.0188961038961039));
#4272=CARTESIAN_POINT('',(0.008,-0.0225,0.0187110389610389));
#4273=CARTESIAN_POINT('',(0.0095,-0.0225,0.01575));
#4274=CARTESIAN_POINT('',(0.0095,-0.0225,0.0122337662337662));
#4275=CARTESIAN_POINT('',(0.0095,-0.0225,0.0192662337662338));
#4276=CARTESIAN_POINT('',(0.01,-0.0225,0.0120487012987013));
#4277=CARTESIAN_POINT('',(0.0105,-0.0225,0.0118636363636364));
#4278=CARTESIAN_POINT('',(0.0105,-0.0225,0.01575));
#4279=CARTESIAN_POINT('',(0.0105,-0.0225,0.0196363636363636));
#4280=CARTESIAN_POINT('',(0.01,-0.0225,0.0194512987012987));
#4281=CARTESIAN_POINT('',(0.0115,-0.0225,0.01575));
#4282=CARTESIAN_POINT('',(0.0115,-0.0225,0.0114935064935065));
#4283=CARTESIAN_POINT('',(0.0115,-0.0225,0.0200064935064935));
#4284=CARTESIAN_POINT('',(0.012,-0.0225,0.0113084415584416));
#4285=CARTESIAN_POINT('',(0.0125,-0.0225,0.0111233766233766));
#4286=CARTESIAN_POINT('',(0.0125,-0.0225,0.01575));
#4287=CARTESIAN_POINT('',(0.0125,-0.0225,0.0203766233766234));
#4288=CARTESIAN_POINT('',(0.012,-0.0225,0.0201915584415585));
#4289=CARTESIAN_POINT('',(0.0135,-0.0225,0.01575));
#4290=CARTESIAN_POINT('',(0.0135,-0.0225,0.0107532467532467));
#4291=CARTESIAN_POINT('',(0.0135,-0.0225,0.0207467532467532));
#4292=CARTESIAN_POINT('',(0.014,-0.0225,0.0105681818181818));
#4293=CARTESIAN_POINT('',(0.0145,-0.0225,0.0103831168831169));
#4294=CARTESIAN_POINT('',(0.0145,-0.0225,0.01575));
#4295=CARTESIAN_POINT('',(0.0145,-0.0225,0.0211168831168831));
#4296=CARTESIAN_POINT('',(0.014,-0.0225,0.0209318181818182));
#4297=CARTESIAN_POINT('',(0.0155,-0.0225,0.01575));
#4298=CARTESIAN_POINT('',(0.0155,-0.0225,0.010012987012987));
#4299=CARTESIAN_POINT('',(0.0155,-0.0225,0.021487012987013));
#4300=CARTESIAN_POINT('',(0.016,-0.0225,0.00982792207792208));
#4301=CARTESIAN_POINT('',(0.0165,-0.0225,0.00964285714285714));
#4302=CARTESIAN_POINT('',(0.0165,-0.0225,0.01575));
#4303=CARTESIAN_POINT('',(0.0165,-0.0225,0.0218571428571428));
#4304=CARTESIAN_POINT('',(0.016,-0.0225,0.0216720779220779));
#4305=CARTESIAN_POINT('',(0.0175,-0.0225,0.01575));
#4306=CARTESIAN_POINT('',(0.0175,-0.0225,0.00927272727272727));
#4307=CARTESIAN_POINT('',(0.0175,-0.0225,0.0222272727272727));
#4308=CARTESIAN_POINT('',(0.018,-0.0225,0.00908766233766234));
#4309=CARTESIAN_POINT('',(0.0185,-0.0225,0.00890259740259741));
#4310=CARTESIAN_POINT('',(0.0185,-0.0225,0.01575));
#4311=CARTESIAN_POINT('',(0.0185,-0.0225,0.0225974025974026));
#4312=CARTESIAN_POINT('',(0.018,-0.0225,0.0224123376623376));
#4313=CARTESIAN_POINT('',(0.0195,-0.0225,0.01575));
#4314=CARTESIAN_POINT('',(0.0195,-0.0225,0.00853246753246753));
#4315=CARTESIAN_POINT('',(0.0195,-0.0225,0.0229675324675324));
#4316=CARTESIAN_POINT('',(0.02,-0.0225,0.0083474025974026));
#4317=CARTESIAN_POINT('',(0.0205,-0.0225,0.00816233766233766));
#4318=CARTESIAN_POINT('',(0.0205,-0.0225,0.01575));
#4319=CARTESIAN_POINT('',(0.0205,-0.0225,0.0233376623376623));
#4320=CARTESIAN_POINT('',(0.02,-0.0225,0.0231525974025974));
#4321=CARTESIAN_POINT('',(0.0015,-0.0225,0.01575));
#4322=CARTESIAN_POINT('',(0.0015,-0.0225,0.0151948051948052));
#4323=CARTESIAN_POINT('',(0.0015,-0.0225,0.0163051948051948));
#4324=CARTESIAN_POINT('',(0.002,-0.0225,0.0150097402597403));
#4325=CARTESIAN_POINT('',(0.0025,-0.0225,0.0148246753246753));
#4326=CARTESIAN_POINT('',(0.0025,-0.0225,0.01575));
#4327=CARTESIAN_POINT('',(0.0025,-0.0225,0.0166753246753247));
#4328=CARTESIAN_POINT('',(0.002,-0.0225,0.0164902597402597));
#4329=CARTESIAN_POINT('',(-0.002,-0.0225,0.0150097402597403));
#4330=CARTESIAN_POINT('',(-0.0015,-0.0225,0.0151948051948052));
#4331=CARTESIAN_POINT('',(-0.0025,-0.0225,0.0148246753246753));
#4332=CARTESIAN_POINT('',(-0.0015,-0.0225,0.0154724025974026));
#4333=CARTESIAN_POINT('',(-0.0015,-0.0225,0.0163051948051948));
#4334=CARTESIAN_POINT('',(-0.002,-0.0225,0.0164902597402597));
#4335=CARTESIAN_POINT('',(-0.0025,-0.0225,0.0166753246753247));
#4336=CARTESIAN_POINT('',(-0.0025,-0.0225,0.01575));
#4337=CARTESIAN_POINT('',(0.0005,-0.0225,0.01575));
#4338=CARTESIAN_POINT('',(0.0005,-0.0225,0.02425));
#4339=CARTESIAN_POINT('',(0.000499999999999994,-0.0225,0.00725));
#4340=CARTESIAN_POINT('',(-4.66206934168767E-18,-0.0225,0.02425));
#4341=CARTESIAN_POINT('',(-0.0005,-0.0225,0.02425));
#4342=CARTESIAN_POINT('',(-0.0005,-0.0225,0.0156574675324676));
#4343=CARTESIAN_POINT('',(-0.000500000000000006,-0.0225,0.00725));
#4344=CARTESIAN_POINT('',(-5.74627151417317E-18,-0.0225,0.00725));
#4345=CARTESIAN_POINT('',(-0.02,-0.0225,0.00834740259740259));
#4346=CARTESIAN_POINT('',(-0.0195,-0.0225,0.00853246753246752));
#4347=CARTESIAN_POINT('',(-0.0205,-0.0225,0.00816233766233766));
#4348=CARTESIAN_POINT('',(-0.0195,-0.0225,0.01575));
#4349=CARTESIAN_POINT('',(-0.0195,-0.0225,0.0229675324675324));
#4350=CARTESIAN_POINT('',(-0.02,-0.0225,0.0231525974025974));
#4351=CARTESIAN_POINT('',(-0.0205,-0.0225,0.0233376623376623));
#4352=CARTESIAN_POINT('',(-0.0205,-0.0225,0.01575));
#4353=MECHANICAL_DESIGN_GEOMETRIC_PRESENTATION_REPRESENTATION('',(#2760),
#4354);
#4354=(
GEOMETRIC_REPRESENTATION_CONTEXT(3)
GLOBAL_UNCERTAINTY_ASSIGNED_CONTEXT((#4355))
GLOBAL_UNIT_ASSIGNED_CONTEXT((#4358,#4357,#4356))
REPRESENTATION_CONTEXT('body','TOP_LEVEL_ASSEMBLY_PART')
);
#4355=UNCERTAINTY_MEASURE_WITH_UNIT(LENGTH_MEASURE(1.E-8),#4358,
'DISTANCE_ACCURACY_VALUE','Maximum Tolerance applied to model');
#4356=(
NAMED_UNIT(*)
SI_UNIT($,.STERADIAN.)
SOLID_ANGLE_UNIT()
);
#4357=(
NAMED_UNIT(*)
PLANE_ANGLE_UNIT()
SI_UNIT($,.RADIAN.)
);
#4358=(
LENGTH_UNIT()
NAMED_UNIT(*)
SI_UNIT($,.METRE.)
);
#4359=PRODUCT_DEFINITION_SHAPE('','',#4360);
#4360=PRODUCT_DEFINITION('','',#4362,#4361);
#4361=PRODUCT_DEFINITION_CONTEXT('',#4368,'design');
#4362=PRODUCT_DEFINITION_FORMATION_WITH_SPECIFIED_SOURCE('','',#4364,
 .NOT_KNOWN.);
#4363=PRODUCT_RELATED_PRODUCT_CATEGORY('','',(#4364));
#4364=PRODUCT('body','body','body',(#4366));
#4365=PRODUCT_CATEGORY('','');
#4366=PRODUCT_CONTEXT('',#4368,'mechanical');
#4367=APPLICATION_PROTOCOL_DEFINITION('international standard',
'ap242_managed_model_based_3d_engineering',2020,#4368);
#4368=APPLICATION_CONTEXT('managed model based 3d engineering');
ENDSEC;
END-ISO-10303-21;
